name,DrugBank Accession Number,isosmiles,
Miconazole,DB01110,ClC1=CC(Cl)=C(COC(CN2C=CN=C2)C2=C(Cl)C=C(Cl)C=C2)C=C1,
Dexamethasone,DB01234,[H][C@@]12C[C@@H](C)[C@](O)(C(=O)CO)[C@@]1(C)C[C@H](O)[C@@]1(F)[C@@]2([H])CCC2=CC(=O)C=C[C@]12C,
Triflusal,DB08814,CC(=O)OC1=C(C=CC(=C1)C(F)(F)F)C(O)=O,
Verapamil,DB00661,COC1=C(OC)C=C(CCN(C)CCCC(C#N)(C(C)C)C2=CC(OC)=C(OC)C=C2)C=C1,
Zonisamide,DB00909,NS(=O)(=O)CC1=NOC2=CC=CC=C12,
Flunarizine,DB04841,FC1=CC=C(C=C1)C(N1CCN(C\C=C\C2=CC=CC=C2)CC1)C1=CC=C(F)C=C1,
Caffeine,DB00201,CN1C=NC2=C1C(=O)N(C)C(=O)N2C,
Theophylline,DB00277,CN1C2=C(NC=N2)C(=O)N(C)C1=O,
Adenosine,DB00640,NC1=C2N=CN([C@@H]3O[C@H](CO)[C@@H](O)[C@H]3O)C2=NC=N1,
Dyphylline,DB00651,CN1C2=C(N(CC(O)CO)C=N2)C(=O)N(C)C1=O,
Gabapentin,DB00996,NCC1(CC(O)=O)CCCCC1,
Aminophylline,DB01223,NCCN.CN1C2=C(NC=N2)C(=O)N(C)C1=O.CN1C2=C(NC=N2)C(=O)N(C)C1=O,
Theobromine,DB01412,CN1C=NC2=C1C(=O)NC(=O)N2C,
Imatinib,DB00619,CN1CCN(CC2=CC=C(C=C2)C(=O)NC2=CC(NC3=NC=CC(=N3)C3=CN=CC=C3)=C(C)C=C2)CC1,
Dasatinib,DB01254,CC1=NC(NC2=NC=C(S2)C(=O)NC2=C(C)C=CC=C2Cl)=CC(=N1)N1CCN(CCO)CC1,
Tasigna,DB04868,CC1=CN(C=N1)C1=CC(NC(=O)C2=CC=C(C)C(NC3=NC=CC(=N3)C3=CN=CC=C3)=C2)=CC(=C1)C(F)(F)F,
Mesalazine,DB00244,NC1=CC(C(O)=O)=C(O)C=C1,
Acetaminophen,DB00316,CC(=O)NC1=CC=C(O)C=C1,
Indomethacin,DB00328,COC1=CC2=C(C=C1)N(C(=O)C1=CC=C(Cl)C=C1)C(C)=C2CC(O)=O,
Minoxidil,DB00350,NC1=CC(=NC(N)=[N+]1[O-])N1CCCCC1,
Nabumetone,DB00461,COC1=CC2=C(C=C1)C=C(CCC(C)=O)C=C2,
Ketorolac,DB00465,OC(=O)C1CCN2C1=CC=C2C(=O)C1=CC=CC=C1,
Tenoxicam,DB00469,CN1C(C(=O)NC2=CC=CC=N2)=C(O)C2=C(C=CS2)S1(=O)=O,
Tolmetin,DB00500,CN1C(CC(O)=O)=CC=C1C(=O)C1=CC=C(C)C=C1,
Piroxicam,DB00554,CN1C(C(=O)NC2=NC=CC=C2)=C(O)C2=C(C=CC=C2)S1(=O)=O,
Diclofenac,DB00586,OC(=O)CC1=CC=CC=C1NC1=C(Cl)C=CC=C1Cl,
Sulindac,DB00605,CC1=C(CC(O)=O)C2=CC(F)=CC=C2\C1=C/C1=CC=C(C=C1)S(C)=O,
Flurbiprofen,DB00712,CC(C(O)=O)C1=CC(F)=C(C=C1)C1=CC=CC=C1,
Etodolac,DB00749,CCC1=C2NC3=C(CCOC3(CC)CC(O)=O)C2=CC=C1,
Mefenamic acid,DB00784,CC1=C(C)C(NC2=CC=CC=C2C(O)=O)=CC=C1,
Naproxen,DB00788,COC1=CC2=C(C=C1)C=C(C=C2)[C@H](C)C(O)=O,
Sulfasalazine,DB00795,OC(=O)C1=CC(=CC=C1O)\N=N\C1=CC=C(C=C1)S(=O)(=O)NC1=NC=CC=C1,
Phenylbutazone,DB00812,CCCCC1C(=O)N(N(C1=O)C1=CC=CC=C1)C1=CC=CC=C1,
Meloxicam,DB00814,CN1C(C(=O)NC2=NC=C(C)S2)=C(O)C2=C(C=CC=C2)S1(=O)=O,
Carprofen,DB00821,CC(C(O)=O)C1=CC2=C(C=C1)C1=C(N2)C=CC(Cl)=C1,
Suprofen,DB00870,CC(C(O)=O)C1=CC=C(C=C1)C(=O)C1=CC=CS1,
Aspirin,DB00945,CC(=O)OC1=CC=CC=C1C(O)=O,
Bromfenac,DB00963,NC1=C(CC(O)=O)C=CC=C1C(=O)C1=CC=C(Br)C=C1,
Oxaprozin,DB00991,OC(=O)CCC1=NC(=C(O1)C1=CC=CC=C1)C1=CC=CC=C1,
Ketoprofen,DB01009,CC(C(O)=O)C1=CC(=CC=C1)C(=O)C1=CC=CC=C1,
Balsalazide,DB01014,OC(=O)CCNC(=O)C1=CC=C(C=C1)\N=N\C1=CC=C(O)C(=C1)C(O)=O,
Ibuprofen,DB01050,CC(C)CC1=CC=C(C=C1)C(C)C(O)=O,
Lumiracoxib,DB01283,CC1=CC=C(NC2=C(Cl)C=CC=C2F)C(CC(O)=O)=C1,
Salsalate,DB01399,OC(=O)C1=CC=CC=C1OC(=O)C1=CC=CC=C1O,
Antipyrine,DB01435,CN1N(C(=O)C=C1C)C1=CC=CC=C1,
Flufenamic acid,DB02266,OC(=O)C1=CC=CC=C1NC1=CC(=CC=C1)C(F)(F)F,
Resveratrol,DB02709,OC1=CC=C(\C=C\C2=CC(O)=CC(O)=C2)C=C1,
Niflumic acid,DB04552,OC(=O)C1=C(NC2=CC=CC(=C2)C(F)(F)F)N=CC=C1,
Lornoxicam,DB06725,CN1C(C(=O)NC2=CC=CC=N2)=C(O)C2=C(C=C(Cl)S2)S1(=O)=O,
Nepafenac,DB06802,NC(=O)CC1=CC=CC(C(=O)C2=CC=CC=C2)=C1N,
Ziprasidone,DB00246,ClC1=C(CCN2CCN(CC2)C2=NSC3=CC=CC=C23)C=C2CC(=O)NC2=C1,
Ropinirole,DB00268,CCCN(CCC)CCC1=C2CC(=O)NC2=CC=C1,
Olanzapine,DB00334,CN1CCN(CC1)C1=NC2=CC=CC=C2NC2=C1C=C(C)S2,
Clozapine,DB00363,CN1CCN(CC1)C1=NC2=CC(Cl)=CC=C2NC2=CC=CC=C12,
Loxapine,DB00408,CN1CCN(CC1)C1=NC2=CC=CC=C2OC2=C1C=C(Cl)C=C2,
Pramipexole,DB00413,CCCN[C@H]1CCC2=C(C1)SC(N)=N2,
Chlorpromazine,DB00477,CN(C)CCCN1C2=CC=CC=C2SC2=C1C=C(Cl)C=C2,
Haloperidol,DB00502,OC1(CCN(CCCC(=O)C2=CC=C(F)C=C2)CC1)C1=CC=C(Cl)C=C1,
Amoxapine,DB00543,ClC1=CC2=C(OC3=CC=CC=C3N=C2N2CCNCC2)C=C1,
Fluphenazine,DB00623,OCCN1CCN(CCCN2C3=CC=CC=C3SC3=C2C=C(C=C3)C(F)(F)F)CC1,
Thioridazine,DB00679,CSC1=CC2=C(SC3=CC=CC=C3N2CCC2CCCCN2C)C=C1,
Risperidone,DB00734,CC1=C(CCN2CCC(CC2)C2=NOC3=C2C=CC(F)=C3)C(=O)N2CCCCC2=N1,
Fenoldopam,DB00800,OC1=CC=C(C=C1)C1CNCCC2=C(Cl)C(O)=C(O)C=C12,
Dopamine,DB00988,NCCC1=CC(O)=C(O)C=C1,
Pergolide,DB01186,[H][C@@]12CC3=CNC4=CC=CC(=C34)[C@@]1([H])C[C@@H](CSC)CN2CCC,
Quetiapine,DB01224,OCCOCCN1CCN(CC1)C1=NC2=CC=CC=C2SC2=CC=CC=C12,
Levodopa,DB01235,N[C@@H](CC1=CC(O)=C(O)C=C1)C(O)=O,
Aripiprazole,DB01238,ClC1=CC=CC(N2CCN(CCCCOC3=CC4=C(CCC(=O)N4)C=C3)CC2)=C1Cl,
Chlorprothixene,DB01239,CN(C)CC\C=C1\C2=CC=CC=C2SC2=CC=C(Cl)C=C12,
Flucytosine,DB01099,NC1=C(F)C=NC(=O)N1,
Sorafenib,DB00398,CNC(=O)C1=NC=CC(OC2=CC=C(NC(=O)NC3=CC(=C(Cl)C=C3)C(F)(F)F)C=C2)=C1,
Sunitinib,DB01268,CCN(CC)CCNC(=O)C1=C(C)NC(\C=C2/C(=O)NC3=C2C=C(F)C=C3)=C1C,
Triamterene,DB00384,NC1=NC(N)=C2N=C(C(N)=NC2=N1)C1=CC=CC=C1,
Amiloride,DB00594,NC(=N)NC(=O)C1=NC(Cl)=C(N)N=C1N,
Paclitaxel,DB01229,[H][C@]12[C@H](OC(=O)C3=CC=CC=C3)[C@]3(O)C[C@H](OC(=O)[C@H](O)[C@@H](NC(=O)C4=CC=CC=C4)C4=CC=CC=C4)C(C)=C([C@@H](OC(C)=O)C(=O)[C@]1(C)[C@@H](O)C[C@H]1OC[C@@]21OC(C)=O)C3(C)C,
Docetaxel,DB01248,[H][C@@]1(C[C@@]2(O)[C@@H](OC(=O)C3=CC=CC=C3)[C@]3([H])[C@@]4(CO[C@@H]4C[C@H](O)[C@@]3(C)C(=O)[C@H](O)C(=C1C)C2(C)C)OC(C)=O)OC(=O)[C@H](O)[C@@H](NC(=O)OC(C)(C)C)C1=CC=CC=C1,
Colchicine,DB01394,COC1=CC2=C(C(OC)=C1OC)C1=CC=C(OC)C(=O)C=C1[C@H](CC2)NC(C)=O,
Patupilone,DB03010,[H]\C(=C(\C)[C@]1([H])C[C@]2([H])O[C@]2(C)CCC[C@]([H])(C)[C@]([H])(O)[C@@]([H])(C)C(=O)C(C)(C)[C@@]([H])(O)CC(=O)O1)C1=CSC(C)=N1,
Cabazitaxel,DB06772,[H][C@]12[C@H](OC(=O)C3=CC=CC=C3)[C@]3(O)C[C@H](OC(=O)[C@H](O)[C@@H](NC(=O)OC(C)(C)C)C4=CC=CC=C4)C(C)=C([C@@H](OC)C(=O)[C@]1(C)[C@H](C[C@H]1OC[C@@]21OC(C)=O)OC)C3(C)C,
Pyridoxine,DB00165,CC1=C(O)C(CO)=C(CO)C=N1,
Bosentan,DB00559,COC1=CC=CC=C1OC1=C(NS(=O)(=O)C2=CC=C(C=C2)C(C)(C)C)N=C(N=C1OCCO)C1=NC=CC=N1,
Sitaxentan,DB06268,CC1=NOC(NS(=O)(=O)C2=C(SC=C2)C(=O)CC2=CC3=C(OCO3)C=C2C)=C1Cl,
Amitriptyline,DB00321,CN(C)CCC=C1C2=CC=CC=C2CCC2=CC=CC=C12,
Ipratropium,DB00332,[H][C@]12CC[C@]([H])(C[C@@H](C1)OC(=O)C(CO)C1=CC=CC=C1)[N+]2(C)C(C)C,
Terfenadine,DB00342,CC(C)(C)C1=CC=C(C=C1)C(O)CCCN1CCC(CC1)C(O)(C1=CC=CC=C1)C1=CC=CC=C1,
Procyclidine,DB00387,OC(CCN1CCCC1)(C1CCCCC1)C1=CC=CC=C1,
Hyoscyamine,DB00424,CN1[C@H]2CC[C@@H]1C[C@@H](C2)OC(=O)[C@H](CO)C1=CC=CC=C1,
Cyproheptadine,DB00434,CN1CCC(CC1)=C1C2=CC=CC=C2C=CC2=CC=CC=C12,
Imipramine,DB00458,CN(C)CCCN1C2=CC=CC=C2CCC2=CC=CC=C12,
Methscopolamine bromide,DB00462,[Br-].[H][C@@]12O[C@]1([H])[C@H]1C[C@H](C[C@@H]2[N+]1(C)C)OC(=O)[C@H](CO)C1=CC=CC=C1,
Darifenacin,DB00496,NC(=O)C([C@@H]1CCN(CCC2=CC3=C(OCC3)C=C2)C1)(C1=CC=CC=C1)C1=CC=CC=C1,
Anisotropine methylbromide,DB00517,[Br-].CCCC(CCC)C(=O)O[C@H]1CC2CCC(C1)[N+]2(C)C,
Atropine,DB00572,CN1[C@H]2CC[C@@H]1C[C@@H](C2)OC(=O)C(CO)C1=CC=CC=C1,
Nicardipine,DB00622,COC(=O)C1=C(C)NC(C)=C(C1C1=CC(=CC=C1)[N+]([O-])=O)C(=O)OCCN(C)CC1=CC=CC=C1,
Paroxetine,DB00715,FC1=CC=C(C=C1)[C@@H]1CCNC[C@H]1COC1=CC2=C(OCO2)C=C1,
Scopolamine,DB00747,CN1[C@H]2C[C@@H](C[C@@H]1[C@H]1O[C@@H]21)OC(=O)[C@H](CO)C1=CC=CC=C1,
Tropicamide,DB00809,CCN(CC1=CC=NC=C1)C(=O)C(CO)C1=CC=CC=C1,
Maprotiline,DB00934,CNCCCC12CCC(C3=CC=CC=C13)C1=CC=CC=C21,
Tolterodine,DB01036,CC(C)N(CC[C@H](C1=CC=CC=C1)C1=C(O)C=CC(C)=C1)C(C)C,
Oxybutynin,DB01062,CCN(CC)CC#CCOC(=O)C(O)(C1CCCCC1)C1=CC=CC=C1,
Pilocarpine,DB01085,CC[C@H]1[C@@H](CC2=CN=CN2C)COC1=O,
Pancuronium,DB01337,[H][C@@]12C[C@@H]([C@H](OC(C)=O)[C@@]1(C)CC[C@@]1([H])[C@@]2([H])CC[C@@]2([H])C[C@H](OC(C)=O)[C@H](C[C@]12C)[N+]1(C)CCCCC1)[N+]1(C)CCCCC1,
Tiotropium,DB01409,[H][C@]12O[C@@]1([H])[C@]1([H])C[C@@]([H])(C[C@@]2([H])[N+]1(C)C)OC(=O)C(O)(C1=CC=CS1)C1=CC=CS1,
Solifenacin,DB01591,O=C(O[C@H]1CN2CCC1CC2)N1CCC2=CC=CC=C2[C@@H]1C1=CC=CC=C1,
Mepenzolate,DB04843,C[N+]1(C)CCCC(C1)OC(=O)C(O)(C1=CC=CC=C1)C1=CC=CC=C1,
Fesoterodine,DB06702,CC(C)N(CC[C@H](C1=CC=CC=C1)C1=C(OC(=O)C(C)C)C=CC(CO)=C1)C(C)C,
Menadione,DB00170,CC1=CC(=O)C2=CC=CC=C2C1=O,
Argatroban,DB00278,C[C@@H]1CCN([C@H](C1)C(O)=O)C(=O)[C@H](CCCNC(N)=N)NS(=O)(=O)C1=CC=CC2=C1NCC(C)C2,
Suramin,DB04786,CC1=C(NC(=O)C2=CC(NC(=O)NC3=CC=CC(=C3)C(=O)NC3=C(C)C=CC(=C3)C(=O)NC3=C4C(C=C(C=C4S(O)(=O)=O)S(O)(=O)=O)=C(C=C3)S(O)(=O)=O)=CC=C2)C=C(C=C1)C(=O)NC1=C2C(C=C(C=C2S(O)(=O)=O)S(O)(=O)=O)=C(C=C1)S(O)(=O)=O,
Ximelagatran,DB04898,CCOC(=O)CN[C@@H](C(=O)N1CC[C@H]1C(=O)NCC1=CC=C(C=C1)C(\N)=N\O)C1CCCCC1,
Dabigatran etexilate,DB06695,CCCCCCOC(=O)\N=C(\N)C1=CC=C(NCC2=NC3=C(C=CC(=C3)C(=O)N(CCC(=O)OCC)C3=NC=CC=C3)N2C)C=C1,
Glycine,DB00145,NCC(O)=O,
Trilostane,DB01108,[H][C@@]12CC[C@H](O)[C@@]1(C)CC[C@@]1([H])[C@@]2([H])CC[C@@]23O[C@@H]2C(O)=C(C[C@]13C)C#N,
Ascorbic acid,DB00126,[H][C@@]1(OC(=O)C(O)=C1O)[C@@H](O)CO,
Hydralazine,DB01275,NNC1=NN=CC2=CC=CC=C12,
Rimonabant,DB06155,CC1=C(N(N=C1C(=O)NN1CCCCC1)C1=C(Cl)C=C(Cl)C=C1)C1=CC=C(Cl)C=C1,
Valsartan,DB00177,CCCCC(=O)N(CC1=CC=C(C=C1)C1=CC=CC=C1C1=NNN=N1)[C@@H](C(C)C)C(O)=O,
Olmesartan,DB00275,CCCC1=NC(=C(N1CC1=CC=C(C=C1)C1=C(C=CC=C1)C1=NN=NN1)C(O)=O)C(C)(C)O,
Candesartan cilexetil,DB00796,CCOC1=NC2=C(N1CC1=CC=C(C=C1)C1=CC=CC=C1C1=NN=NN1)C(=CC=C2)C(=O)OC(C)OC(=O)OC1CCCCC1,
Eprosartan,DB00876,CCCCC1=NC=C(\C=C(/CC2=CC=CS2)C(O)=O)N1CC1=CC=C(C=C1)C(O)=O,
Telmisartan,DB00966,CCCC1=NC2=C(C=C(C=C2C)C2=NC3=CC=CC=C3N2C)N1CC1=CC=C(C=C1)C1=CC=CC=C1C(O)=O,
Irbesartan,DB01029,CCCCC1=NC2(CCCC2)C(=O)N1CC1=CC=C(C=C1)C1=CC=CC=C1C1=NNN=N1,
Bupivacaine,DB00297,CCCCN1CCCCC1C(=O)NC1=C(C)C=CC=C1C,
Alprostadil,DB00770,CCCCC[C@H](O)\C=C\[C@H]1[C@H](O)CC(=O)[C@@H]1CCCCCCC(O)=O,
Bimatoprost,DB00905,CCNC(=O)CCC\C=C/C[C@H]1[C@@H](O)C[C@@H](O)[C@@H]1\C=C\[C@@H](O)CCC1=CC=CC=C1,
Dinoprostone,DB00917,CCCCC[C@H](O)\C=C\[C@H]1[C@H](O)CC(=O)[C@@H]1C\C=C/CCCC(O)=O,
Clofibrate,DB00636,CCOC(=O)C(C)(C)OC1=CC=C(Cl)C=C1,
Fenofibrate,DB01039,CC(C)OC(=O)C(C)(C)OC1=CC=C(C=C1)C(=O)C1=CC=C(Cl)C=C1,
Gemfibrozil,DB01241,CC1=CC(OCCCC(C)(C)C(O)=O)=C(C)C=C1,
Bezafibrate,DB01393,CC(C)(OC1=CC=C(CCNC(=O)C2=CC=C(Cl)C=C2)C=C1)C(O)=O,
Biotin,DB00121,[H][C@]12CS[C@@H](CCCCC(O)=O)[C@@]1([H])NC(=O)N2,
Tretinoin,DB00755,C\C(\C=C\C1=C(C)CCCC1(C)C)=C/C=C/C(/C)=C/C(O)=O,
Azathioprine,DB00993,CN1C=NC(=C1SC1=NC=NC2=C1NC=N2)[N+]([O-])=O,
Mercaptopurine,DB01033,S=C1N=CNC2=C1NC=N2,
Adapalene,DB00210,COC1=C(C=C(C=C1)C1=CC2=C(C=C1)C=C(C=C2)C(O)=O)C12CC3CC(CC(C3)C1)C2,
Bexarotene,DB00307,CC1=CC2=C(C=C1C(=C)C1=CC=C(C=C1)C(O)=O)C(C)(C)CCC2(C)C,
Acitretin,DB00459,COC1=C(C)C(C)=C(\C=C\C(\C)=C\C=C\C(\C)=C\C(O)=O)C(C)=C1,
Tazarotene,DB00799,CCOC(=O)C1=CN=C(C=C1)C#CC1=CC2=C(SCCC2(C)C)C=C1,
LG-100268,DB01941,CC1=C(C=C2C(=C1)C(C)(C)CCC2(C)C)C1(CC1)C1=CC=C(C=N1)C(O)=O,
Ondansetron,DB00904,CN1C2=C(C3=CC=CC=C13)C(=O)C(CN1C=CN=C1C)CC2,
Tegaserod,DB01079,CCCCCNC(=N)N\N=C\C1=CNC2=C1C=C(OC)C=C2,
Dofetilide,DB00204,CN(CCOC1=CC=C(NS(C)(=O)=O)C=C1)CCC1=CC=C(NS(C)(=O)=O)C=C1,
Ibutilide,DB00308,CCCCCCCN(CC)CCCC(O)C1=CC=C(NS(C)(=O)=O)C=C1,
Prazosin,DB00457,COC1=C(OC)C=C2C(N)=NC(=NC2=C1)N1CCN(CC1)C(=O)C1=CC=CO1,
Sotalol,DB00489,CC(C)NCC(O)C1=CC=C(NS(C)(=O)=O)C=C1,
Doxazosin,DB00590,COC1=C(OC)C=C2C(N)=NC(=NC2=C1)N1CCN(CC1)C(=O)C1COC2=CC=CC=C2O1,
Quinidine,DB00908,[H][C@@]12CCN(C[C@@H]1C=C)[C@]([H])(C2)[C@@H](O)C1=C2C=C(OC)C=CC2=NC=C1,
Amiodarone,DB01118,CCCCC1=C(C(=O)C2=CC(I)=C(OCCN(CC)CC)C(I)=C2)C2=C(O1)C=CC=C2,
Carvedilol,DB01136,COC1=CC=CC=C1OCCNCC(O)COC1=CC=CC2=C1C1=CC=CC=C1N2,
Terazosin,DB01162,COC1=C(OC)C=C2C(N)=NC(=NC2=C1)N1CCN(CC1)C(=O)C1CCCO1,
Propafenone,DB01182,CCCNCC(O)COC1=C(C=CC=C1)C(=O)CCC1=CC=CC=C1,
Halofantrine,DB01218,CCCCN(CCCC)CCC(O)C1=C2C=CC(=CC2=C2C=C(Cl)C=C(Cl)C2=C1)C(F)(F)F,
Irinotecan,DB00762,CCC1=C2CN3C(=CC4=C(COC(=O)[C@]4(O)CC)C3=O)C2=NC2=CC=C(OC(=O)N3CCC(CC3)N3CCCCC3)C=C12,
Topotecan,DB01030,CC[C@@]1(O)C(=O)OCC2=C1C=C1N(CC3=CC4=C(C=CC(O)=C4CN(C)C)N=C13)C2=O,
Benzatropine,DB00245,[H][C@]12CC[C@]([H])(C[C@@]([H])(C1)OC(C1=CC=CC=C1)C1=CC=CC=C1)N2C,
Doxylamine,DB00366,CN(C)CCOC(C)(C1=CC=CC=C1)C1=CC=CC=N1,
Dicyclomine,DB00804,CCN(CC)CCOC(=O)C1(CCCCC1)C1CCCCC1,
Biperiden,DB00810,OC(CCN1CCCCC1)(C1CC2CC1C=C2)C1=CC=CC=C1,
Flavoxate,DB01148,CC1=C(OC2=C(C=CC=C2C(=O)OCCN2CCCCC2)C1=O)C1=CC=CC=C1,
Escitalopram,DB01175,CN(C)CCC[C@]1(OCC2=C1C=CC(=C2)C#N)C1=CC=C(F)C=C1,
Arecoline,DB04365,COC(=O)C1=CCCN(C)C1,
Tromethamine,DB03754,NC(CO)(CO)CO,
Ezetimibe,DB00973,[H][C@]1(CC[C@H](O)C2=CC=C(F)C=C2)C(=O)N(C2=CC=C(F)C=C2)[C@]1([H])C1=CC=C(O)C=C1,
Hesperetin,DB01094,COC1=C(O)C=C(C=C1)[C@@H]1CC(=O)C2=C(O)C=C(O)C=C2O1,
Ticlopidine,DB00208,ClC1=CC=CC=C1CN1CCC2=C(C1)C=CS2,
Prasugrel,DB06209,CC(=O)OC1=CC2=C(CCN(C2)C(C(=O)C2CC2)C2=CC=CC=C2F)S1,
Ticagrelor,DB08816,CCCSC1=NC2=C(N=NN2[C@@H]2C[C@H](OCCO)[C@@H](O)[C@H]2O)C(N[C@@H]2C[C@H]2C2=CC(F)=C(F)C=C2)=N1,
Cimetidine,DB00501,CN\C(NCCSCC1=C(C)NC=N1)=N\C#N,
Nizatidine,DB00585,CNC(NCCSCC1=CSC(CN(C)C)=N1)=C[N+]([O-])=O,
Epinastine,DB00751,NC1=NCC2N1C1=CC=CC=C1CC1=CC=CC=C21,
Ranitidine,DB00863,CNC(NCCSCC1=CC=C(CN(C)C)O1)=C[N+]([O-])=O,
Famotidine,DB00927,NC(N)=NC1=NC(CSCCC(N)=NS(N)(=O)=O)=CS1,
Cytarabine,DB00987,NC1=NC(=O)N(C=C1)[C@@H]1O[C@H](CO)[C@@H](O)[C@@H]1O,
Adenine,DB00173,NC1=C2NC=NC2=NC=N1,
Glyburide,DB01016,COC1=C(C=C(Cl)C=C1)C(=O)NCCC1=CC=C(C=C1)S(=O)(=O)NC(=O)NC1CCCCC1,
Probucol,DB01599,CC(C)(SC1=CC(=C(O)C(=C1)C(C)(C)C)C(C)(C)C)SC1=CC(=C(O)C(=C1)C(C)(C)C)C(C)(C)C,
Diethylstilbestrol,DB00255,CC\C(=C(\CC)C1=CC=C(O)C=C1)C1=CC=C(O)C=C1,
Levonorgestrel,DB00367,[H][C@@]12CC[C@@](O)(C#C)[C@@]1(CC)CC[C@]1([H])[C@@]3([H])CCC(=O)C=C3CC[C@@]21[H],
Progesterone,DB00396,[H][C@@]12CC[C@H](C(C)=O)[C@@]1(C)CC[C@@]1([H])[C@@]2([H])CCC2=CC(=O)CC[C@]12C,
Raloxifene,DB00481,OC1=CC=C(C=C1)C1=C(C(=O)C2=CC=C(OCCN3CCCCC3)C=C2)C2=C(S1)C=C(O)C=C2,
Toremifene,DB00539,CN(C)CCOC1=CC=C(C=C1)C(=C(\CCCl)C1=CC=CC=C1)\C1=CC=CC=C1,
Medroxyprogesterone acetate,DB00603,[H][C@@]12CC[C@](OC(C)=O)(C(C)=O)[C@@]1(C)CC[C@@]1([H])[C@@]2([H])C[C@H](C)C2=CC(=O)CC[C@]12C,
Estrone,DB00655,[H][C@@]12CCC(=O)[C@@]1(C)CC[C@]1([H])C3=C(CC[C@@]21[H])C=C(O)C=C3,
Tamoxifen,DB00675,CC\C(=C(/C1=CC=CC=C1)C1=CC=C(OCCN(C)C)C=C1)C1=CC=CC=C1,
Estradiol,DB00783,[H][C@@]12CC[C@H](O)[C@@]1(C)CC[C@]1([H])C3=C(CC[C@@]21[H])C=C(O)C=C3,
Ethynodiol diacetate,DB00823,[H][C@@]12CC[C@@](OC(C)=O)(C#C)[C@@]1(C)CC[C@]1([H])[C@@]3([H])CC[C@H](OC(C)=O)C=C3CC[C@@]21[H],
Clomifene,DB00882,CCN(CC)CCOC1=CC=C(C=C1)C(=C(Cl)C1=CC=CC=C1)C1=CC=CC=C1,
Dienestrol,DB00890,[H]\C(C)=C(/C(=C(\[H])C)/C1=CC=C(O)C=C1)\C1=CC=C(O)C=C1,
Fulvestrant,DB00947,[H][C@@]12CC[C@H](O)[C@@]1(C)CC[C@]1([H])C3=CC=C(O)C=C3C[C@@H](CCCCCCCCCS(=O)CCCC(F)(F)C(F)(F)F)[C@@]21[H],
Ethinylestradiol,DB00977,[H][C@@]12CC[C@@](O)(C#C)[C@@]1(C)CC[C@]1([H])C3=C(CC[C@@]21[H])C=C(O)C=C3,
Melatonin,DB01065,COC1=CC2=C(NC=C2CCNC(C)=O)C=C1,
Naloxone,DB01183,OC1=CC=C2C[C@H]3N(CC=C)CC[C@@]45[C@@H](OC1=C24)C(=O)CC[C@@]35O,
Estramustine,DB01196,[H][C@@]12CC[C@H](O)[C@@]1(C)CC[C@]1([H])C3=CC=C(OC(=O)N(CCCl)CCCl)C=C3CC[C@@]21[H],
Mestranol,DB01357,[H][C@@]12CC[C@@](O)(C#C)[C@@]1(C)CC[C@]1([H])C3=C(CC[C@@]21[H])C=C(OC)C=C3,
Genistein,DB01645,OC1=CC=C(C=C1)C1=COC2=C(C(O)=CC(O)=C2)C1=O,
Estriol,DB04573,[H][C@@]12C[C@@H](O)[C@H](O)[C@@]1(C)CC[C@]1([H])C3=C(CC[C@@]21[H])C=C(O)C=C3,
Erteberel,DB07933,[H][C@@]12CCC[C@]1([H])[C@@]([H])(OC1=C2C=C(O)C=C1)C1=CC=C(O)C=C1,
Amlexanox,DB01025,CC(C)C1=CC2=C(OC3=NC(N)=C(C=C3C2=O)C(O)=O)C=C1,
Hexestrol,DB07931,[H][C@](CC)(C1=CC=C(O)C=C1)[C@]([H])(CC)C1=CC=C(O)C=C1,
Mefloquine,DB00358,OC(C1CCCCN1)C1=CC(=NC2=C1C=CC=C2C(F)(F)F)C(F)(F)F,
Efaproxiral,DB08486,CC1=CC(NC(=O)CC2=CC=C(OC(C)(C)C(O)=O)C=C2)=CC(C)=C1,
Spironolactone,DB00421,[H][C@@]12CC[C@@]3(CCC(=O)O3)[C@@]1(C)CC[C@@]1([H])[C@@]2([H])[C@@]([H])(CC2=CC(=O)CC[C@]12C)SC(C)=O,
Flutamide,DB00499,CC(C)C(=O)NC1=CC(=C(C=C1)[N+]([O-])=O)C(F)(F)F,
Oxandrolone,DB00621,[H][C@@]12CC[C@](C)(O)[C@@]1(C)CC[C@@]1([H])[C@@]2([H])CC[C@@]2([H])CC(=O)OC[C@]12C,
Testosterone,DB00624,[H][C@@]12CC[C@H](O)[C@@]1(C)CC[C@@]1([H])[C@@]2([H])CCC2=CC(=O)CC[C@]12C,
Nilutamide,DB00665,CC1(C)NC(=O)N(C1=O)C1=CC(=C(C=C1)[N+]([O-])=O)C(F)(F)F,
Nandrolone phenpropionate,DB00984,[H][C@@]12CC[C@H](OC(=O)CCC3=CC=CC=C3)[C@@]1(C)CC[C@]1([H])[C@@]3([H])CCC(=O)C=C3CC[C@@]21[H],
Bicalutamide,DB01128,CC(O)(CS(=O)(=O)C1=CC=C(F)C=C1)C(=O)NC1=CC(=C(C=C1)C#N)C(F)(F)F,
Drospirenone,DB01395,[H][C@@]12C[C@]1([H])[C@@]1([H])[C@]3([H])[C@]4([H])C[C@]4([H])[C@@]4(CCC(=O)O4)[C@@]3(C)CC[C@]1([H])[C@@]1(C)CCC(=O)C=C21,
Testosterone propionate,DB01420,[H][C@@]12CC[C@H](OC(=O)CC)[C@@]1(C)CC[C@@]1([H])[C@@]2([H])CCC2=CC(=O)CC[C@]12C,
(R)-Bicalutamide,DB02932,C[C@](O)(CS(=O)(=O)C1=CC=C(F)C=C1)C(=O)NC1=CC(=C(C=C1)C#N)C(F)(F)F,
Cyproterone acetate,DB04839,[H][C@@]12C[C@]1([H])[C@@]1(C)C(=CC2=O)C(Cl)=C[C@@]2([H])[C@]3([H])CC[C@](OC(C)=O)(C(C)=O)[C@@]3(C)CC[C@]12[H],
Methyltestosterone,DB06710,[H][C@@]12CC[C@](C)(O)[C@@]1(C)CC[C@@]1([H])[C@@]2([H])CCC2=CC(=O)CC[C@]12C,
Andarine,DB07423,CC(=O)NC1=CC=C(OC[C@](C)(O)C(=O)NC2=CC=C(C(=C2)C(F)(F)F)[N+]([O-])=O)C=C1,
Guanidine,DB00536,NC(N)=N,
Disulfiram,DB00822,CCN(CC)C(=S)SSC(=S)N(CC)CC,
Daidzin,DB02115,[H][C@]1(CO)O[C@@]([H])(OC2=CC=C3C(=O)C(=COC3=C2)C2=CC=C(O)C=C2)[C@]([H])(O)[C@@]([H])(O)[C@]1([H])O,
Phenytoin,DB00252,O=C1NC(=O)C(N1)(C1=CC=CC=C1)C1=CC=CC=C1,
Topiramate,DB00273,[H][C@@]12CO[C@@]3(COS(N)(=O)=O)OC(C)(C)O[C@@]3([H])[C@]1([H])OC(C)(C)O2,
Phenazopyridine,DB01438,NC1=NC(N)=C(C=C1)\N=N\C1=CC=CC=C1,
Vinorelbine,DB00361,[H][C@@]12N(C)C3=CC(OC)=C(C=C3[C@@]11CCN3CC=C[C@](CC)([C@@]13[H])[C@@]([H])(OC(C)=O)[C@]2(O)C(=O)OC)[C@]1(C[C@@]2([H])CN(CC(CC)=C2)CC2=C1NC1=CC=CC=C21)C(=O)OC,
Vincristine,DB00541,[H][C@@]12N3CC[C@@]11C4=C(C=C(OC)C(=C4)[C@]4(C[C@H]5C[N@](C[C@](O)(CC)C5)CCC5=C4NC4=CC=CC=C54)C(=O)OC)N(C=O)[C@@]1([H])[C@](O)([C@H](OC(C)=O)[C@]2(CC)C=CC3)C(=O)OC,
Vinblastine,DB00570,[H][C@@]12N(C)C3=CC(OC)=C(C=C3[C@@]11CCN3CC=C[C@@](CC)([C@@H](OC(C)=O)[C@]2(O)C(=O)OC)[C@@]13[H])[C@]1(C[C@@]2([H])CN(C[C@](O)(CC)C2)CCC2=C1NC1=C2C=CC=C1)C(=O)OC,
Podofilox,DB01179,[H][C@]12COC(=O)[C@]1([H])[C@H](C1=CC(OC)=C(OC)C(OC)=C1)C1=CC3=C(OCO3)C=C1[C@@H]2O,
Imiquimod,DB00724,CC(C)CN1C=NC2=C1C1=C(C=CC=C1)N=C2N,
Hydroxychloroquine,DB01611,CCN(CCO)CCCC(C)NC1=C2C=CC(Cl)=CC2=NC=C1,
Dextromethorphan,DB00514,[H][C@]12CCCC[C@]11CCN(C)[C@H]2CC2=C1C=C(OC)C=C2,
Minocycline,DB01017,[H][C@@]12CC3=C(C(O)=CC=C3N(C)C)C(=O)C1=C(O)[C@]1(O)C(=O)C(C(N)=O)=C(O)[C@@H](N(C)C)[C@]1([H])C2,
Gliclazide,DB01120,[H][C@@]12CCC[C@]1([H])CN(C2)NC(=O)NS(=O)(=O)C1=CC=C(C)C=C1,
Conivaptan,DB00872,CC1=NC2=C(CCN(C(=O)C3=CC=C(NC(=O)C4=CC=CC=C4C4=CC=CC=C4)C=C3)C3=CC=CC=C23)N1,
Bleomycin,DB00290,[H][C@](C)(NC(=O)[C@@]([H])(NC(=O)C1=NC(=NC(N)=C1C)[C@H](CC(N)=O)NC[C@H](N)C(N)=O)[C@@]([H])(OC1OC(CO)C(O)C(O)C1OC1OC(CO)C(O)C(OC(N)=O)C1O)C1=CNC=N1)[C@@H](O)[C@H](C)C(=O)N[C@]([H])(C(=O)NCCC1=NC(=CS1)C1=NC(=CS1)C(=O)NCCC[S+](C)C)[C@@]([H])(C)O,
Esmolol,DB00187,COC(=O)CCC1=CC=C(OCC(O)CNC(C)C)C=C1,
Betaxolol,DB00195,CC(C)NCC(O)COC1=CC=C(CCOCC2CC2)C=C1,
Metoprolol,DB00264,COCCC1=CC=C(OCC(O)CNC(C)C)C=C1,
Norepinephrine,DB00368,NC[C@H](O)C1=CC(O)=C(O)C=C1,
Timolol,DB00373,[H][C@](O)(CNC(C)(C)C)COC1=NSN=C1N1CCOCC1,
Propranolol,DB00571,CC(C)NCC(O)COC1=CC=CC2=C1C=CC=C2,
Bisoprolol,DB00612,CC(C)NCC(O)COC1=CC=C(COCCOC(C)C)C=C1,
Epinephrine,DB00668,CNC[C@H](O)C1=CC(O)=C(O)C=C1,
Dobutamine,DB00841,CC(CCC1=CC=C(O)C=C1)NCCC1=CC(O)=C(O)C=C1,
Salbutamol,DB01001,CC(C)(C)NCC(O)C1=CC(CO)=C(O)C=C1,
Isoprenaline,DB01064,CC(C)NCC(O)C1=CC(O)=C(O)C=C1,
Acebutolol,DB01193,CCCC(=O)NC1=CC=C(OCC(O)CNC(C)C)C(=C1)C(C)=O,
Nebivolol,DB04861,OC(CNCC(O)C1CCC2=C(O1)C=CC(F)=C2)C1CCC2=C(O1)C=CC(F)=C2,
Lidocaine,DB00281,CCN(CC)CC(=O)NC1=C(C)C=CC=C1C,
Ropivacaine,DB00296,CCCN1CCCC[C@H]1C(=O)NC1=C(C)C=CC=C1C,
Cinchocaine,DB00527,CCCCOC1=NC2=CC=CC=C2C(=C1)C(=O)NCCN(CC)CC,
Dyclonine,DB00645,CCCCOC1=CC=C(C=C1)C(=O)CCN1CCCCC1,
Procaine,DB00721,CCN(CC)CCOC(=O)C1=CC=C(N)C=C1,
Proparacaine,DB00807,CCCOC1=C(N)C=C(C=C1)C(=O)OCCN(CC)CC,
Oxybuprocaine,DB00892,CCCCOC1=CC(=CC=C1N)C(=O)OCCN(CC)CC,
Mepivacaine,DB00961,CN1CCCCC1C(=O)NC1=C(C)C=CC=C1C,
Benzocaine,DB01086,CCOC(=O)C1=CC=C(N)C=C1,
Orphenadrine,DB01173,CN(C)CCOC(C1=CC=CC=C1)C1=CC=CC=C1C,
Levocarnitine,DB00583,C[N+](C)(C)C[C@H](O)CC([O-])=O,
Perhexiline,DB01074,C(C(C1CCCCC1)C1CCCCC1)C1CCCCN1,
Sildenafil,DB00203,CCCC1=NN(C)C2=C1N=C(NC2=O)C1=CC(=CC=C1OCC)S(=O)(=O)N1CCN(C)CC1,
Tadalafil,DB00820,[H][C@]12CC3=C(NC4=CC=CC=C34)[C@H](N1C(=O)CN(C)C2=O)C1=CC2=C(OCO2)C=C1,
Vardenafil,DB00862,CCCC1=NC(C)=C2N1NC(=NC2=O)C1=C(OCC)C=CC(=C1)S(=O)(=O)N1CCN(CC)CC1,
Dipyridamole,DB00975,OCCN(CCO)C1=NC2=C(N=C(N=C2N2CCCCC2)N(CCO)CCO)C(=N1)N1CCCCC1,
Aspartic acid,DB00128,N[C@@H](CC(O)=O)C(O)=O,
Prasterone,DB01708,[H][C@@]12CCC(=O)[C@@]1(C)CC[C@@]1([H])[C@@]2([H])CC=C2C[C@@]([H])(O)CC[C@]12C,
Mexiletine,DB00379,CC(N)COC1=C(C)C=CC=C1C,
Carbamazepine,DB00564,NC(=O)N1C2=CC=CC=C2C=CC2=CC=CC=C12,
Riluzole,DB00740,NC1=NC2=C(S1)C=C(OC(F)(F)F)C=C2,
Prilocaine,DB00750,CCCNC(C)C(=O)NC1=CC=CC=C1C,
Oxcarbazepine,DB00776,NC(=O)N1C2=CC=CC=C2CC(=O)C2=C1C=CC=C2,
Flecainide,DB01195,FC(F)(F)COC1=CC(C(=O)NCC2CCCCN2)=C(OCC(F)(F)F)C=C1,
Arotinoid acid,DB02877,C\C(=C/C1=CC=C(C=C1)C(O)=O)C1=CC=C2C(=C1)C(C)(C)CCC2(C)C,
Tamibarotene,DB04942,CC1(C)CCC(C)(C)C2=C1C=CC(NC(=O)C1=CC=C(C=C1)C(O)=O)=C2,
Glimepiride,DB00222,CCC1=C(C)CN(C(=O)NCCC2=CC=C(C=C2)S(=O)(=O)NC(=O)N[C@H]2CC[C@H](C)CC2)C1=O,
Chlorpropamide,DB00672,CCCNC(=O)NS(=O)(=O)C1=CC=C(Cl)C=C1,
Nateglinide,DB00731,CC(C)[C@H]1CC[C@@H](CC1)C(=O)N[C@H](CC1=CC=CC=C1)C(O)=O,
Repaglinide,DB00912,CCOC1=C(C=CC(CC(=O)N[C@@H](CC(C)C)C2=CC=CC=C2N2CCCCC2)=C1)C(O)=O,
Glipizide,DB01067,CC1=NC=C(N=C1)C(=O)NCCC1=CC=C(C=C1)S(=O)(=O)NC(=O)NC1CCCCC1,
Tolbutamide,DB01124,CCCCNC(=O)NS(=O)(=O)C1=CC=C(C)C=C1,
Gliquidone,DB01251,COC1=CC2=C(C=C1)C(C)(C)C(=O)N(CCC1=CC=C(C=C1)S(=O)(=O)NC(=O)NC1CCCCC1)C2=O,
Tranexamic acid,DB00302,NC[C@H]1CC[C@@H](CC1)C(O)=O,
Aminocaproic acid,DB00513,NCCCCCC(O)=O,
Troglitazone,DB00197,CC1=C(C)C2=C(CCC(C)(COC3=CC=C(CC4SC(=O)NC4=O)C=C3)O2)C(C)=C1O,
Rosiglitazone,DB00412,CN(CCOC1=CC=C(CC2SC(=O)NC2=O)C=C1)C1=CC=CC=N1,
Pioglitazone,DB01132,CCC1=CN=C(CCOC2=CC=C(CC3SC(=O)NC3=O)C=C2)C=C1,
Rivaroxaban,DB06228,ClC1=CC=C(S1)C(=O)NC[C@H]1CN(C(=O)O1)C1=CC=C(C=C1)N1CCOCC1=O,
Calcium,DB01373,[Ca],
Primaquine,DB01087,COC1=CC(NC(C)CCCN)=C2N=CC=CC2=C1,
Ramipril,DB00178,[H][C@@]12CCC[C@]1([H])N([C@@H](C2)C(O)=O)C(=O)[C@H](C)N[C@@H](CCC1=CC=CC=C1)C(=O)OCC,
Benazepril,DB00542,[H][C@@]1(CCC2=CC=CC=C2N(CC(O)=O)C1=O)N[C@@H](CCC1=CC=CC=C1)C(=O)OCC,
Enalapril,DB00584,CCOC(=O)[C@H](CCC1=CC=CC=C1)N[C@@H](C)C(=O)N1CCC[C@H]1C(O)=O,
Moexipril,DB00691,CCOC(=O)[C@H](CCC1=CC=CC=C1)N[C@@H](C)C(=O)N1CC2=CC(OC)=C(OC)C=C2C[C@H]1C(O)=O,
Perindopril,DB00790,[H][C@]12C[C@H](N(C(=O)[C@H](C)N[C@@H](CCC)C(=O)OCC)[C@@]1([H])CCCC2)C(O)=O,
Quinapril,DB00881,CCOC(=O)[C@H](CCC1=CC=CC=C1)N[C@@H](C)C(=O)N1CC2=CC=CC=C2C[C@H]1C(O)=O,
Captopril,DB01197,C[C@H](CS)C(=O)N1CCC[C@H]1C(O)=O,
Cilazapril,DB01340,CCOC(=O)[C@H](CCC1=CC=CC=C1)N[C@H]1CCCN2CCC[C@H](N2C1=O)C(O)=O,
Fomepizole,DB01213,CC1=CNN=C1,
Hydroxocobalamin,DB00200,[N+]1=2[Co-3]345([N+]6=C7[C@H]([C@@](CC(=O)N)(C)[C@@]6([C@@]6(N3C(=C(C)C3=[N+]4C(C(C)(C)[C@@H]3CCC(=O)N)=CC3=[N+]5C(=C7C)[C@@](CC(=O)N)([C@@H]3CCC(=O)N)C)[C@@](C)([C@H]6CC(=O)N)CCC(NC[C@@H](C)OP(=O)(O[C@@H]3[C@H](O[C@H](N(C4=CC(=C(C=C14)C)C)C=2)[C@@H]3O)CO)[O-])=O)[H])C)CCC(=O)N)O[H],
Mitotane,DB00648,ClC(Cl)C(C1=CC=C(Cl)C=C1)C1=CC=CC=C1Cl,
Rasagiline,DB01367,C#CCN[C@@H]1CCC2=CC=CC=C12,
Masoprocol,DB00179,C[C@@H](CC1=CC(O)=C(O)C=C1)[C@H](C)CC1=CC(O)=C(O)C=C1,
Aminosalicylic acid,DB00233,NC1=CC(O)=C(C=C1)C(O)=O,
Montelukast,DB00471,OC(=O)CC1(CC1)CS[C@H](CCC1=CC=CC=C1C(O)(C)C)C1=CC=CC(\C=C\C2=NC3=C(C=CC(Cl)=C3)C=C2)=C1,
Zileuton,DB00744,CC(N(O)C(N)=O)C1=CC2=CC=CC=C2S1,
Leflunomide,DB01097,CC1=C(C=NO1)C(=O)NC1=CC=C(C=C1)C(F)(F)F,
Cladribine,DB00242,NC1=C2N=CN([C@H]3C[C@H](O)[C@@H](CO)O3)C2=NC(Cl)=N1,
Didanosine,DB00900,OC[C@@H]1CC[C@@H](O1)N1C=NC2=C1NC=NC2=O,
8-azaguanine,DB01667,NC1=NC2=C(N=NN2)C(=O)N1,
Guanosine,DB02857,NC1=NC2=C(N=CN2[C@@H]2O[C@H](CO)[C@@H](O)[C@H]2O)C(=O)N1,
Monobenzone,DB00600,OC1=CC=C(OCC2=CC=CC=C2)C=C1,
Phenelzine,DB00780,NNCCC1=CC=CC=C1,
Metformin,DB00331,CN(C)C(=N)NC(N)=N,
Palmitic Acid,DB03796,CCCCCCCCCCCCCCCC(O)=O,
Ribavirin,DB00811,NC(=O)C1=NN(C=N1)[C@@H]1O[C@H](CO)[C@@H](O)[C@H]1O,
Lenalidomide,DB00480,NC1=CC=CC2=C1CN(C1CCC(=O)NC1=O)C2=O,
Celecoxib,DB00482,CC1=CC=C(C=C1)C1=CC(=NN1C1=CC=C(C=C1)S(N)(=O)=O)C(F)(F)F,
Rofecoxib,DB00533,CS(=O)(=O)C1=CC=C(C=C1)C1=C(C(=O)OC1)C1=CC=CC=C1,
Valdecoxib,DB00580,CC1=C(C(=NO1)C1=CC=CC=C1)C1=CC=C(C=C1)S(N)(=O)=O,
Thalidomide,DB01041,O=C1N(C2CCC(=O)NC2=O)C(=O)C2=CC=CC=C12,
Nimesulide,DB04743,CS(=O)(=O)NC1=C(OC2=CC=CC=C2)C=C(C=C1)[N+]([O-])=O,
Dorsomorphin,DB08597,C(CN1CCCCC1)OC1=CC=C(C=C1)C1=CN2N=CC(=C2N=C1)C1=CC=NC=C1,
Methyclothiazide,DB00232,CN1C(CCl)NC2=CC(Cl)=C(C=C2S1(=O)=O)S(N)(=O)=O,
Amlodipine,DB00381,CCOC(=O)C1=C(COCCN)NC(C)=C(C1C1=CC=CC=C1Cl)C(=O)OC,
Methocarbamol,DB00423,COC1=C(OCC(O)COC(N)=O)C=CC=C1,
Bendroflumethiazide,DB00436,NS(=O)(=O)C1=CC2=C(NC(CC3=CC=CC=C3)NS2(=O)=O)C=C1C(F)(F)F,
Methazolamide,DB00703,CN1N=C(S\C1=N\C(C)=O)S(N)(=O)=O,
Dorzolamide,DB00869,CCN[C@H]1C[C@H](C)S(=O)(=O)C2=C1C=C(S2)S(N)(=O)=O,
Chlorothiazide,DB00880,NS(=O)(=O)C1=C(Cl)C=C2NC=NS(=O)(=O)C2=C1,
Hydrochlorothiazide,DB00999,NS(=O)(=O)C1=C(Cl)C=C2NCNS(=O)(=O)C2=C1,
Trichlormethiazide,DB01021,NS(=O)(=O)C1=C(Cl)C=C2NC(NS(=O)(=O)C2=C1)C(Cl)Cl,
Diclofenamide,DB01144,NS(=O)(=O)C1=CC(=C(Cl)C(Cl)=C1)S(N)(=O)=O,
Brinzolamide,DB01194,CCN[C@H]1CN(CCCOC)S(=O)(=O)C2=C1C=C(S2)S(N)(=O)=O,
Griseofulvin,DB00400,COC1=CC(OC)=C(Cl)C2=C1C(=O)[C@]1(O2)[C@H](C)CC(=O)C=C1OC,
Mirtazapine,DB00370,CN1CCN2C(C1)C1=CC=CC=C1CC1=C2N=CC=C1,
Brimonidine,DB00484,BrC1=C(NC2=NCCN2)C=CC2=NC=CN=C12,
Clonidine,DB00575,ClC1=CC=CC(Cl)=C1NC1=NCCN1,
Dexmedetomidine,DB00633,C[C@H](C1=CNC=N1)C1=C(C)C(C)=CC=C1,
Trazodone,DB00656,ClC1=CC=CC(=C1)N1CCN(CCCN2N=C3C=CC=CN3C2=O)CC1,
Phentolamine,DB00692,CC1=CC=C(C=C1)N(CC1=NCCN1)C1=CC(O)=CC=C1,
Tizanidine,DB00697,ClC1=C(NC2=NCCN2)C2=NSN=C2C=C1,
Tolazoline,DB00797,C(C1=NCCN1)C1=CC=CC=C1,
Phenoxybenzamine,DB00925,CC(COC1=CC=CC=C1)N(CCCl)CC1=CC=CC=C1,
Oxymetazoline,DB00935,CC1=CC(=C(O)C(C)=C1CC1=NCCN1)C(C)(C)C,
Methyldopa,DB00968,C[C@](N)(CC1=CC=C(O)C(O)=C1)C(O)=O,
Yohimbine,DB01392,[H][C@@]12CC[C@H](O)[C@H](C(=O)OC)[C@@]1([H])C[C@]1([H])N(CCC3=C1NC1=CC=CC=C31)C2,
Mianserin,DB06148,CN1CCN2C(C1)C1=CC=CC=C1CC1=CC=CC=C21,
Xylometazoline,DB06694,CC1=CC(=CC(C)=C1CC1=NCCN1)C(C)(C)C,
Naphazoline,DB06711,C(C1=NCCN1)C1=CC=CC2=CC=CC=C12,
Eletriptan,DB00216,CN1CCC[C@@H]1CC1=CNC2=C1C=C(CCS(=O)(=O)C1=CC=CC=C1)C=C2,
Zolmitriptan,DB00315,CN(C)CCC1=CNC2=CC=C(C[C@H]3COC(=O)N3)C=C12,
Buspirone,DB00490,O=C1CC2(CCCC2)CC(=O)N1CCCCN1CCN(CC1)C1=NC=CC=N1,
Sumatriptan,DB00669,CNS(=O)(=O)CC1=CC=C2NC=C(CCN(C)C)C2=C1,
Naratriptan,DB00952,CNS(=O)(=O)CCC1=CC2=C(NC=C2C2CCN(C)CC2)C=C1,
Alverine,DB01616,CCN(CCCC1=CC=CC=C1)CCCC1=CC=CC=C1,
Vilazodone,DB06684,NC(=O)C1=CC2=CC(=CC=C2O1)N1CCN(CCCCC2=CNC3=C2C=C(C=C3)C#N)CC1,
Nimodipine,DB00393,COCCOC(=O)C1=C(C)NC(C)=C(C1C1=CC(=CC=C1)[N+]([O-])=O)C(=O)OC(C)C,
Rocuronium,DB00728,[H][C@@]12C[C@@H]([C@H](OC(C)=O)[C@@]1(C)CC[C@@]1([H])[C@@]2([H])CC[C@@]2([H])C[C@H](O)[C@H](C[C@]12C)N1CCOCC1)[N+]1(CC=C)CCCC1,
Granisetron,DB00889,CN1N=C(C(=O)N[C@@H]2C[C@@H]3CCC[C@H](C2)N3C)C2=C1C=CC=C2,
Memantine,DB01043,CC12CC3CC(C)(C1)CC(N)(C3)C2,
Liothyronine,DB00279,N[C@@H](CC1=CC(I)=C(OC2=CC(I)=C(O)C=C2)C(I)=C1)C(O)=O,
Levothyroxine,DB00451,N[C@@H](CC1=CC(I)=C(OC2=CC(I)=C(O)C(I)=C2)C(I)=C1)C(O)=O,
Tiratricol,DB03604,OC(=O)CC1=CC(I)=C(OC2=CC=C(O)C(I)=C2)C(I)=C1,
Cyanocobalamin,DB00115,C[C@H](CNC(=O)CC[C@]1(C)[C@@H](CC(N)=O)[C@H]2N=C1\C(C)=C1/N=C(/C=C3\N=C(\C(\C)=C4\[C@@H](CCC(N)=O)[C@](C)(CC(N)=O)[C@@]2(C)N4[Co+]C#N)[C@@](C)(CC(N)=O)[C@@H]3CCC(N)=O)C(C)(C)[C@@H]1CCC(N)=O)OP([O-])(=O)O[C@@H]1[C@@H](CO)O[C@@H]([C@@H]1O)N1C=NC2=C1C=C(C)C(C)=C2,
Furosemide,DB00695,NS(=O)(=O)C1=C(Cl)C=C(NCC2=CC=CO2)C(=C1)C(O)=O,
Raltitrexed,DB00293,CN(CC1=CC2=C(NC(C)=NC2=O)C=C1)C1=CC=C(S1)C(=O)N[C@@H](CCC(O)=O)C(O)=O,
Floxuridine,DB00322,OC[C@H]1O[C@H](C[C@@H]1O)N1C=C(F)C(=O)NC1=O,
Trifluridine,DB00432,OC[C@H]1O[C@H](C[C@@H]1O)N1C=C(C(=O)NC1=O)C(F)(F)F,
Trimethoprim,DB00440,COC1=CC(CC2=CN=C(N)N=C2N)=CC(OC)=C1OC,
Gemcitabine,DB00441,NC1=NC(=O)N(C=C1)[C@@H]1O[C@H](CO)[C@@H](O)C1(F)F,
Fluorouracil,DB00544,FC1=CNC(=O)NC1=O,
Pemetrexed,DB00642,NC1=NC(=O)C2=C(NC=C2CCC2=CC=C(C=C2)C(=O)N[C@@H](CCC(O)=O)C(O)=O)N1,
Capecitabine,DB01101,CCCCCOC(=O)NC1=NC(=O)N(C=C1F)[C@@H]1O[C@H](C)[C@@H](O)[C@H]1O,
Clofarabine,DB00631,[H][C@]1(F)[C@H](O)[C@@H](CO)O[C@H]1N1C=NC2=C(N)N=C(Cl)N=C12,
Hydroxyurea,DB01005,NC(=O)NO,
Fludarabine,DB01073,NC1=NC(F)=NC2=C1N=CN2[C@@H]1O[C@H](CO)[C@@H](O)[C@@H]1O,
Ramelteon,DB00980,CCC(=O)NCC[C@@H]1CCC2=C1C1=C(OCC1)C=C2,
Agomelatine,DB06594,COC1=CC2=C(CCNC(C)=O)C=CC=C2C=C1,
Carbenoxolone,DB02329,[H][C@@]1(CC[C@@]2(C)[C@@]([H])(CC[C@]3(C)[C@]2([H])C(=O)C=C2[C@]4([H])C[C@](C)(CC[C@]4(C)CC[C@@]32C)C(O)=O)C1(C)C)OC(=O)CCC(O)=O,
Pyrimethamine,DB00205,CCC1=C(C(N)=NC(N)=N1)C1=CC=C(Cl)C=C1,
Methotrexate,DB00563,CN(CC1=CN=C2N=C(N)N=C(N)C2=N1)C1=CC=C(C=C1)C(=O)N[C@@H](CCC(O)=O)C(O)=O,
Trimetrexate,DB01157,COC1=CC(NCC2=C(C)C3=C(C=C2)N=C(N)N=C3N)=CC(OC)=C1OC,
Ethionamide,DB00609,CCC1=NC=CC(=C1)C(N)=S,
Isoniazid,DB00951,NNC(=O)C1=CC=NC=C1,
Diminazene,DB03608,NC(=N)C1=CC=C(N\N=N\C2=CC=C(C=C2)C(N)=N)C=C1,
Pregabalin,DB00230,CC(C)C[C@H](CN)CC(O)=O,
Loperamide,DB00836,CN(C)C(=O)C(CCN1CCC(O)(CC1)C1=CC=C(Cl)C=C1)(C1=CC=CC=C1)C1=CC=CC=C1,
Bepridil,DB01244,CC(C)COCC(CN(CC1=CC=CC=C1)C1=CC=CC=C1)N1CCCC1,
Riboflavin,DB00140,CC1=C(C)C=C2N(C[C@H](O)[C@H](O)[C@H](O)CO)C3=NC(=O)NC(=O)C3=NC2=C1,
Cyclosporine,DB00091,CC[C@@H]1NC(=O)[C@H]([C@H](O)[C@H](C)C\C=C\C)N(C)C(=O)[C@H](C(C)C)N(C)C(=O)[C@H](CC(C)C)N(C)C(=O)[C@H](CC(C)C)N(C)C(=O)[C@@H](C)NC(=O)[C@H](C)NC(=O)[C@H](CC(C)C)N(C)C(=O)[C@@H](NC(=O)[C@H](CC(C)C)N(C)C(=O)CN(C)C1=O)C(C)C,
Eszopiclone,DB00402,CN1CCN(CC1)C(=O)O[C@@H]1N(C(=O)C2=NC=CN=C12)C1=NC=C(Cl)C=C1,
Primidone,DB00794,CCC1(C(=O)NCNC1=O)C1=CC=CC=C1,
Flumazenil,DB01205,CCOC(=O)C1=C2CN(C)C(=O)C3=C(C=CC(F)=C3)N2C=N1,
Atovaquone,DB01117,OC1=C([C@H]2CC[C@@H](CC2)C2=CC=C(Cl)C=C2)C(=O)C2=CC=CC=C2C1=O,
Orotic acid,DB02262,OC(=O)C1=CC(=O)NC(=O)N1,
Aprepitant,DB00673,C[C@@H](O[C@H]1OCCN(CC2=NNC(=O)N2)[C@H]1C1=CC=C(F)C=C1)C1=CC(=CC(=C1)C(F)(F)F)C(F)(F)F,
Ketamine,DB01221,CNC1(CCCCC1=O)C1=CC=CC=C1Cl,
Fosaprepitant,DB06717,C[C@@H](O[C@H]1OCCN(CC2=NC(=O)N(N2)P(O)(O)=O)[C@H]1C1=CC=C(F)C=C1)C1=CC(=CC(=C1)C(F)(F)F)C(F)(F)F,
Clomipramine,DB01242,CN(C)CCCN1C2=CC=CC=C2CCC2=C1C=C(Cl)C=C2,
Clotrimazole,DB00257,ClC1=CC=CC=C1C(N1C=CN=C1)(C1=CC=CC=C1)C1=CC=CC=C1,
Quinine,DB00468,[H][C@]1(C[C@@H]2CC[N@]1C[C@@H]2C=C)[C@H](O)C1=CC=NC2=CC=C(OC)C=C12,
Felbamate,DB00949,NC(=O)OCC(COC(N)=O)C1=CC=CC=C1,
Trifluoperazine,DB00831,CN1CCN(CCCN2C3=CC=CC=C3SC3=C2C=C(C=C3)C(F)(F)F)CC1,
Felodipine,DB01023,CCOC(=O)C1=C(C)NC(C)=C(C1C1=C(Cl)C(Cl)=CC=C1)C(=O)OC,
Nifedipine,DB01115,COC(=O)C1=C(C)NC(C)=C(C1C1=CC=CC=C1[N+]([O-])=O)C(=O)OC,
Naltrexone,DB00704,[H][C@@]12OC3=C(O)C=CC4=C3[C@@]11CCN(CC3CC3)[C@]([H])(C4)[C@]1(O)CCC2=O,
Hydrocortisone,DB00741,[H][C@@]12CC[C@](O)(C(=O)CO)[C@@]1(C)C[C@H](O)[C@@]1([H])[C@@]2([H])CCC2=CC(=O)CC[C@]12C,
Nicotinamide,DB02701,NC(=O)C1=CC=CN=C1,
Tacrine,DB00382,NC1=C2CCCCC2=NC2=CC=CC=C12,
Gallamine triethiodide,DB00483,[I-].[I-].[I-].CC[N+](CC)(CC)CCOC1=CC=CC(OCC[N+](CC)(CC)CC)=C1OCC[N+](CC)(CC)CC,
Pyridostigmine,DB00545,CN(C)C(=O)OC1=C[N+](C)=CC=C1,
Galantamine,DB00674,[H][C@]12C[C@@H](O)C=C[C@]11CCN(C)CC3=C1C(O2)=C(OC)C=C3,
Rivastigmine,DB00989,CCN(C)C(=O)OC1=CC=CC(=C1)[C@H](C)N(C)C,
Decamethonium,DB01245,C[N+](C)(C)CCCCCCCCCC[N+](C)(C)C,
Methylthioninium,DB08167,CN(C)C1=CC2=[S+]C3=CC(=CC=C3N=C2C=C1)N(C)C,
Arsenic trioxide,DB01169,O=[As]O[As]=O,
Moxifloxacin,DB00218,[H][C@]12CN(C[C@@]1([H])NCCC2)C1=C(F)C=C2C(=O)C(=CN(C3CC3)C2=C1OC)C(O)=O,
Enoxacin,DB00467,CCN1C=C(C(O)=O)C(=O)C2=CC(F)=C(N=C12)N1CCNCC1,
Pefloxacin,DB00487,CCN1C=C(C(O)=O)C(=O)C2=CC(F)=C(C=C12)N1CCN(C)CC1,
Ciprofloxacin,DB00537,OC(=O)C1=CN(C2CC2)C2=CC(N3CCNCC3)=C(F)C=C2C1=O,
Lomefloxacin,DB00978,CCN1C=C(C(O)=O)C(=O)C2=CC(F)=C(N3CCNC(C)C3)C(F)=C12,
Norfloxacin,DB01059,CCN1C=C(C(O)=O)C(=O)C2=CC(F)=C(C=C12)N1CCNCC1,
Levofloxacin,DB01137,C[C@H]1COC2=C3N1C=C(C(O)=O)C(=O)C3=CC(F)=C2N1CCN(C)CC1,
Ofloxacin,DB01165,CC1COC2=C3N1C=C(C(O)=O)C(=O)C3=CC(F)=C2N1CCN(C)CC1,
Sparfloxacin,DB01208,C[C@H]1CN(C[C@@H](C)N1)C1=C(F)C(N)=C2C(=O)C(=CN(C3CC3)C2=C1F)C(O)=O,
Fleroxacin,DB04576,CN1CCN(CC1)C1=C(F)C=C2C(=O)C(=CN(CCF)C2=C1F)C(O)=O,
Isradipine,DB00270,COC(=O)C1=C(C)NC(C)=C(C1C1=CC=CC2=NON=C12)C(=O)OC(C)C,
Nisoldipine,DB00401,COC(=O)C1=C(C)NC(C)=C(C1C1=CC=CC=C1[N+]([O-])=O)C(=O)OCC(C)C,
Nitrendipine,DB01054,CCOC(=O)C1=C(C)NC(C)=C(C1C1=CC(=CC=C1)[N+]([O-])=O)C(=O)OC,
Nilvadipine,DB06712,COC(=O)C1=C(NC(C)=C(C1C1=CC(=CC=C1)[N+]([O-])=O)C(=O)OC(C)C)C#N,
Milrinone,DB00235,CC1=C(C=C(C#N)C(=O)N1)C1=CC=NC=C1,
Anagrelide,DB00261,ClC1=CC=C2N=C3NC(=O)CN3CC2=C1Cl,
Levosimendan,DB00922,C[C@@H]1CC(=O)NN=C1C1=CC=C(NN=C(C#N)C#N)C=C1,
Cilostazol,DB01166,O=C1CCC2=C(N1)C=CC(OCCCCC1=NN=NN1C1CCCCC1)=C2,
Clemastine,DB00283,CN1CCC[C@@H]1CCO[C@](C)(C1=CC=CC=C1)C1=CC=C(Cl)C=C1,
Cetirizine,DB00341,OC(=O)COCCN1CCN(CC1)C(C1=CC=CC=C1)C1=CC=C(Cl)C=C1,
Loratadine,DB00455,CCOC(=O)N1CCC(CC1)=C1C2=C(CCC3=C1N=CC=C3)C=C(Cl)C=C2,
Hydroxyzine,DB00557,OCCOCCN1CCN(CC1)C(C1=CC=CC=C1)C1=CC=C(Cl)C=C1,
Azatadine,DB00719,CN1CCC(CC1)=C1C2=CC=CC=C2CCC2=C1N=CC=C2,
Meclizine,DB00737,CC1=CC(CN2CCN(CC2)C(C2=CC=CC=C2)C2=CC=C(Cl)C=C2)=CC=C1,
Olopatadine,DB00768,CN(C)CC\C=C1\C2=CC=CC=C2COC2=C1C=C(CC(O)=O)C=C2,
Tripelennamine,DB00792,CN(C)CCN(CC1=CC=CC=C1)C1=CC=CC=N1,
Ketotifen,DB00920,CN1CCC(CC1)=C1C2=C(SC=C2)C(=O)CC2=CC=CC=C12,
Fexofenadine,DB00950,CC(C)(C(O)=O)C1=CC=C(C=C1)C(O)CCCN1CCC(CC1)C(O)(C1=CC=CC=C1)C1=CC=CC=C1,
Desloratadine,DB00967,ClC1=CC2=C(C=C1)C(=C1CCNCC1)C1=C(CC2)C=CC=N1,
Azelastine,DB00972,CN1CCCC(CC1)N1N=C(CC2=CC=C(Cl)C=C2)C2=CC=CC=C2C1=O,
Diphenhydramine,DB01075,CN(C)CCOC(C1=CC=CC=C1)C1=CC=CC=C1,
Chlorpheniramine,DB01114,CN(C)CCC(C1=CC=C(Cl)C=C1)C1=CC=CC=N1,
Cyclizine,DB01176,CN1CCN(CC1)C(C1=CC=CC=C1)C1=CC=CC=C1,
Pheniramine,DB01620,CN(C)CCC(C1=CC=CC=C1)C1=CC=CC=N1,
Bepotastine,DB04890,OC(=O)CCCN1CCC(CC1)OC(C1=CC=C(Cl)C=C1)C1=CC=CC=N1,
Betahistine,DB06698,CNCCC1=CC=CC=N1,
Antazoline,DB08799,C(N(CC1=CC=CC=C1)C1=CC=CC=C1)C1=NCCN1,
Chloropyramine,DB08800,CN(C)CCN(CC1=CC=C(Cl)C=C1)C1=CC=CC=N1,
Fluoxetine,DB00472,CNCCC(OC1=CC=C(C=C1)C(F)(F)F)C1=CC=CC=C1,
Cyclobenzaprine,DB00924,CN(C)CCC=C1C2=CC=CC=C2C=CC2=CC=CC=C12,
Aniracetam,DB04599,COC1=CC=C(C=C1)C(=O)N1CCCC1=O,
Amisulpride,DB06288,CCN1CCCC1CNC(=O)C1=CC(=C(N)C=C1OC)S(=O)(=O)CC,
Octreotide,DB00104,CC(C1C(=O)NC(CSSCC(C(=O)NC(C(=O)NC(C(=O)NC(C(=O)N1)CCCCN)CC2=CNC3=CC=CC=C32)CC4=CC=CC=C4)NC(=O)C(CC5=CC=CC=C5)N)C(=O)NC(CO)C(C)O)O,
Amifostine,DB01143,NCCCNCCSP(O)(O)=O,
Rizatriptan,DB00953,CN(C)CCC1=CNC2=C1C=C(CN1C=NC=N1)C=C2,
Bortezomib,DB00188,CC(C)C[C@H](NC(=O)[C@H](CC1=CC=CC=C1)NC(=O)C1=CN=CC=N1)B(O)O,
Ethosuximide,DB00593,CCC1(C)CC(=O)NC1=O,
Papaverine,DB01113,COC1=C(OC)C=C(CC2=NC=CC3=CC(OC)=C(OC)C=C23)C=C1,
Rolipram,DB01954,COC1=C(OC2CCCC2)C=C(C=C1)C1CNC(=O)C1,
Cilomilast,DB03849,COC1=C(OC2CCCC2)C=C(C=C1)[C@]1(CC[C@@H](CC1)C(O)=O)C#N,
(R)-Rolipram,DB04149,[H][C@]1(CNC(=O)C1)C1=CC(OC2CCCC2)=C(OC)C=C1,
Indapamide,DB00808,CC1CC2=CC=CC=C2N1NC(=O)C1=CC(=C(Cl)C=C1)S(N)(=O)=O,
Alfuzosin,DB00346,COC1=CC2=C(C=C1OC)C(N)=NC(=N2)N(C)CCCNC(=O)C1CCCO1,
Phenylephrine,DB00388,CNC[C@H](O)C1=CC(O)=CC=C1,
Droperidol,DB00450,FC1=CC=C(C=C1)C(=O)CCCN1CCC(=CC1)N1C(=O)NC2=CC=CC=C12,
Tamsulosin,DB00706,CCOC1=CC=CC=C1OCCN[C@H](C)CC1=CC(=C(OC)C=C1)S(N)(=O)=O,
Carbimazole,DB00389,CCOC(=O)N1C=CN(C)C1=S,
Propylthiouracil,DB00550,CCCC1=CC(=O)NC(=S)N1,
Methimazole,DB00763,CN1C=CNC1=S,
Lapatinib,DB01259,CS(=O)(=O)CCNCC1=CC=C(O1)C1=CC2=C(C=C1)N=CN=C2NC1=CC(Cl)=C(OCC2=CC(F)=CC=C2)C=C1,
Lovastatin,DB00227,[H][C@]12[C@H](C[C@@H](C)C=C1C=C[C@H](C)[C@@H]2CC[C@@H]1C[C@@H](O)CC(=O)O1)OC(=O)[C@@H](C)CC,
Niacin,DB00627,OC(=O)C1=CN=CC=C1,
Epirubicin,DB00445,COC1=CC=CC2=C1C(=O)C1=C(O)C3=C(C[C@](O)(C[C@@H]3O[C@H]3C[C@H](N)[C@@H](O)[C@H](C)O3)C(=O)CO)C(O)=C1C2=O,
Nelarabine,DB01280,COC1=NC(N)=NC2=C1N=CN2[C@@H]1O[C@H](CO)[C@@H](O)[C@@H]1O,
Chlorzoxazone,DB00356,ClC1=CC2=C(OC(=O)N2)C=C1,
Cromoglicic acid,DB01003,OC(COC1=CC=CC2=C1C(=O)C=C(O2)C(O)=O)COC1=CC=CC2=C1C(=O)C=C(O2)C(O)=O,
Megestrol acetate,DB00351,[H][C@@]12CC[C@](OC(C)=O)(C(C)=O)[C@@]1(C)CC[C@@]1([H])[C@@]2([H])C=C(C)C2=CC(=O)CC[C@]12C,
Dydrogesterone,DB00378,[H][C@@]12CC[C@H](C(C)=O)[C@@]1(C)CC[C@]1([H])[C@@]2([H])C=CC2=CC(=O)CC[C@@]12C,
Fluticasone propionate,DB00588,[H][C@@]12C[C@@H](C)[C@](OC(=O)CC)(C(=O)SCF)[C@@]1(C)C[C@H](O)[C@@]1(F)[C@@]2([H])C[C@H](F)C2=CC(=O)C=C[C@]12C,
Norethisterone,DB00717,[H][C@@]12CC[C@@](O)(C#C)[C@@]1(C)CC[C@]1([H])[C@@]3([H])CCC(=O)C=C3CC[C@@]21[H],
Mifepristone,DB00834,[H][C@@]12CC[C@@](O)(C#CC)[C@@]1(C)C[C@H](C1=CC=C(C=C1)N(C)C)C1=C3CCC(=O)C=C3CC[C@@]21[H],
Bethanechol,DB01019,CC(C[N+](C)(C)C)OC(N)=O,
Etomidate,DB00292,CCOC(=O)C1=CN=CN1[C@H](C)C1=CC=CC=C1,
Simvastatin,DB00641,[H][C@]12[C@H](C[C@@H](C)C=C1C=C[C@H](C)[C@@H]2CC[C@@H]1C[C@@H](O)CC(=O)O1)OC(=O)C(C)(C)CC,
Fluvastatin,DB01095,CC(C)N1C(\C=C\C(O)CC(O)CC(O)=O)=C(C2=CC=CC=C12)C1=CC=C(F)C=C1,
Mevastatin,DB06693,[H][C@]12[C@H](CCC=C1C=C[C@H](C)[C@@H]2CC[C@@H]1C[C@@H](O)CC(=O)O1)OC(=O)[C@@H](C)CC,
Sulpiride,DB00391,CCN1CCCC1CNC(=O)C1=C(OC)C=CC(=C1)S(N)(=O)=O,
Domperidone,DB01184,ClC1=CC2=C(C=C1)N(C1CCN(CCCN3C(=O)NC4=CC=CC=C34)CC1)C(=O)N2,
Rutin,DB01698,C[C@@H]1O[C@@H](OC[C@H]2O[C@@H](OC3=C(OC4=CC(O)=CC(O)=C4C3=O)C3=CC(O)=C(O)C=C3)[C@H](O)[C@@H](O)[C@@H]2O)[C@H](O)[C@H](O)[C@H]1O,
Travoprost,DB00287,CC(C)OC(=O)CCC\C=C/C[C@H]1[C@@H](O)C[C@@H](O)[C@@H]1\C=C\[C@@H](O)COC1=CC=CC(=C1)C(F)(F)F,
Ursodeoxycholic acid,DB01586,[H][C@@]1(CC[C@@]2([H])[C@]3([H])[C@@H](O)C[C@]4([H])C[C@H](O)CC[C@]4(C)[C@@]3([H])CC[C@]12C)[C@H](C)CCC(O)=O,
PLX-4720,DB06999,CCCS(=O)(=O)NC1=CC=C(F)C(C(=O)C2=CNC3=C2C=C(Cl)C=N3)=C1F,
Amantadine,DB00915,NC12CC3CC(CC(C3)C1)C2,
Carmustine,DB00262,ClCCNC(=O)N(CCCl)N=O,
Quinacrine,DB01103,CCN(CC)CCCC(C)NC1=C2C=C(OC)C=CC2=NC2=C1C=CC(Cl)=C2, 
Almotriptan,DB00918,CN(C)CCC1=CNC2=C1C=C(CS(=O)(=O)N1CCCC1)C=C2,
Isotretinoin,DB00982,C\C(\C=C\C1=C(C)CCCC1(C)C)=C/C=C/C(/C)=C\C(O)=O,
Eplerenone,DB00700,[H][C@@]12CC[C@@]3(CCC(=O)O3)[C@@]1(C)C[C@H]1O[C@@]11[C@@]2([H])[C@@H](CC2=CC(=O)CC[C@]12C)C(=O)OC,
Phenformin,DB00914,NC(=N)NC(=N)NCCC1=CC=CC=C1,
Diltiazem,DB00343,COC1=CC=C(C=C1)[C@@H]1SC2=C(C=CC=C2)N(CCN(C)C)C(=O)[C@@H]1OC(C)=O,
Orlistat,DB01083,CCCCCCCCCCC[C@@H](C[C@@H]1OC(=O)[C@H]1CCCCCC)OC(=O)[C@H](CC(C)C)NC=O,
Cyclandelate,DB04838,CC1CC(CC(C)(C)C1)OC(=O)C(O)C1=CC=CC=C1,
Ritodrine,DB00867,C[C@@H](NCCC1=CC=C(O)C=C1)[C@@H](O)C1=CC=C(O)C=C1,
Formoterol,DB00983,COC1=CC=C(CC(C)NCC(O)C2=CC(NC=O)=C(O)C=C2)C=C1,
Procaterol,DB01366,CC[C@@H](NC(C)C)[C@@H](O)C1=CC=C(O)C2=C1C=CC(=O)N2,
Indacaterol,DB05039,CCC1=C(CC)C=C2CC(CC2=C1)NC[C@H](O)C1=C2C=CC(=O)NC2=C(O)C=C1,
Pimecrolimus,DB00337,[H][C@]1(CC[C@H](Cl)[C@@H](C1)OC)\C=C(/C)[C@@]1([H])OC(=O)[C@]2([H])CCCCN2C(=O)C(=O)[C@]2(O)O[C@@]([H])([C@H](C[C@H]2C)OC)[C@H](C[C@@H](C)C\C(C)=C\[C@@H](CC)C(=O)C[C@H](O)[C@H]1C)OC,
Tacrolimus,DB00864,CO[C@@H]1C[C@@H](CC[C@H]1O)\C=C(/C)[C@H]1OC(=O)[C@@H]2CCCCN2C(=O)C(=O)[C@]2(O)O[C@@H]([C@H](C[C@H]2C)OC)[C@H](C[C@@H](C)C\C(C)=C\[C@@H](CC=C)C(=O)C[C@H](O)[C@H]1C)OC,
Sirolimus,DB00877,[H][C@@]1(C[C@@H](C)[C@]2([H])CC(=O)[C@H](C)\C=C(C)\[C@@H](O)[C@@H](OC)C(=O)[C@H](C)C[C@H](C)\C=C\C=C\C=C(C)\[C@H](C[C@]3([H])CC[C@@H](C)[C@@](O)(O3)C(=O)C(=O)N3CCCC[C@@]3([H])C(=O)O2)OC)CC[C@@H](O)[C@@H](C1)OC,
Chloroquine,DB00608,CCN(CC)CCCC(C)NC1=CC=NC2=CC(Cl)=CC=C12,
Pranlukast,DB01411,O=C(NC1=C2OC(=CC(=O)C2=CC=C1)C1=NNN=N1)C1=CC=C(OCCCCC2=CC=CC=C2)C=C1,
Phenindione,DB00498,O=C1C(C(=O)C2=CC=CC=C12)C1=CC=CC=C1,
Warfarin,DB00682,CC(=O)CC(C1=CC=CC=C1)C1=C(O)C2=C(OC1=O)C=CC=C2,
Dacarbazine,DB00851,CN(C)\N=N\C1=C(N=CN1)C(N)=O,
Mycophenolate mofetil,DB00688,COC1=C(C\C=C(/C)CCC(=O)OCCN2CCOCC2)C(O)=C2C(=O)OCC2=C1C,
Mycophenolic acid,DB01024,COC1=C(C\C=C(/C)CCC(O)=O)C(O)=C2C(=O)OCC2=C1C,
Digoxin,DB00390,[H][C@]12CC[C@]3([H])[C@]([H])(C[C@@H](O)[C@]4(C)[C@H](CC[C@]34O)C3=CC(=O)OC3)[C@@]1(C)CC[C@@H](C2)O[C@H]1C[C@H](O)[C@H](O[C@H]2C[C@H](O)[C@H](O[C@H]3C[C@H](O)[C@H](O)[C@@H](C)O3)[C@@H](C)O2)[C@@H](C)O1,
Ouabain,DB01092,[H][C@@]12CC[C@]3(O)C[C@H](C[C@@H](O)[C@]3(CO)[C@@]1([H])[C@H](O)C[C@]1(C)[C@H](CC[C@]21O)C1=CC(=O)OC1)O[C@@H]1O[C@@H](C)[C@H](O)[C@@H](O)[C@H]1O,
Chlormezanone,DB01178,CN1C(C2=CC=C(Cl)C=C2)S(=O)(=O)CCC1=O,
Nicotine,DB00184,CN1CCC[C@H]1C1=CN=CC=C1,
Cisatracurium,DB00565,COC1=CC2=C(C=C1OC)[C@@H](CC1=CC(OC)=C(OC)C=C1)[N@@+](C)(CCC(=O)OCCCCCOC(=O)CC[N@@+]1(C)CCC3=C(C=C(OC)C(OC)=C3)[C@H]1CC1=CC(OC)=C(OC)C=C1)CC2,
Atracurium besylate,DB00732,[O-]S(=O)(=O)C1=CC=CC=C1.[O-]S(=O)(=O)C1=CC=CC=C1.COC1=CC2=C(C=C1OC)C(CC1=CC(OC)=C(OC)C=C1)[N+](C)(CCC(=O)OCCCCCOC(=O)CC[N+]1(C)CCC3=C(C=C(OC)C(OC)=C3)C1CC1=CC(OC)=C(OC)C=C1)CC2,
Vecuronium,DB01339,[H][C@@]12C[C@@H]([C@H](OC(C)=O)[C@@]1(C)CC[C@@]1([H])[C@@]2([H])CC[C@@]2([H])C[C@H](OC(C)=O)[C@H](C[C@]12C)N1CCCCC1)[N+]1(C)CCCCC1,
Dexrazoxane,DB00380,C[C@@H](CN1CC(=O)NC(=O)C1)N1CC(=O)NC(=O)C1,
Teniposide,DB00444,[H][C@]12COC(=O)[C@]1([H])[C@H](C1=CC(OC)=C(O)C(OC)=C1)C1=C(C=C3OCOC3=C1)[C@H]2O[C@]1([H])O[C@]2([H])CO[C@H](O[C@@]2([H])[C@H](O)[C@H]1O)C1=CC=CS1,
Daunorubicin,DB00694,COC1=CC=CC2=C1C(=O)C1=C(O)C3=C(C[C@](O)(C[C@@H]3O[C@H]3C[C@H](N)[C@H](O)[C@H](C)O3)C(C)=O)C(O)=C1C2=O,
Etoposide,DB00773,[H][C@]12COC(=O)[C@]1([H])[C@H](C1=CC(OC)=C(O)C(OC)=C1)C1=CC3=C(OCO3)C=C1[C@H]2O[C@@H]1O[C@]2([H])CO[C@@H](C)O[C@@]2([H])[C@H](O)[C@H]1O,
Doxorubicin,DB00997,COC1=CC=CC2=C1C(=O)C1=C(O)C3=C(C[C@](O)(C[C@@H]3O[C@H]3C[C@H](N)[C@H](O)[C@H](C)O3)C(=O)CO)C(O)=C1C2=O,
Idarubicin,DB01177,C[C@@H]1O[C@H](C[C@H](N)[C@@H]1O)O[C@H]1C[C@@](O)(CC2=C1C(O)=C1C(=O)C3=CC=CC=C3C(=O)C1=C2O)C(C)=O,
Mitoxantrone,DB01204,OCCNCCNC1=CC=C(NCCNCCO)C2=C1C(=O)C1=C(C(O)=CC=C1O)C2=O,
Prochlorperazine,DB00433,CN1CCN(CCCN2C3=CC=CC=C3SC3=C2C=C(Cl)C=C3)CC1,
Alizapride,DB01425,COC1=CC2=NNN=C2C=C1C(=O)NCC1CCCN1CC=C,
Gefitinib,DB00317,COC1=C(OCCCN2CCOCC2)C=C2C(NC3=CC(Cl)=C(F)C=C3)=NC=NC2=C1,
Erlotinib,DB00530,COCCOC1=CC2=C(C=C1OCCOC)C(NC1=CC(=CC=C1)C#C)=NC=N2,
Alvocidib,DB03496,CN1CC[C@@H]([C@H](O)C1)C1=C(O)C=C(O)C2=C1OC(=CC2=O)C1=CC=CC=C1Cl,
Zoledronic acid,DB00399,OC(CN1C=CN=C1)(P(O)(O)=O)P(O)(O)=O,
Alendronic acid,DB00630,NCCCC(O)(P(O)(O)=O)P(O)(O)=O,
Ibandronate,DB00710,CCCCCN(C)CCC(O)(P(O)(O)=O)P(O)(O)=O,
Risedronic acid,DB00884,OC(CC1=CN=CC=C1)(P(O)(O)=O)P(O)(O)=O,
Calcitriol,DB00136,C[C@H](CCCC(C)(C)O)[C@@]1([H])CC[C@@]2([H])\C(CCC[C@]12C)=C\C=C1\C[C@@H](O)C[C@H](O)C1=C,
Calcifediol,DB00146,C[C@H](CCCC(C)(C)O)[C@@]1([H])CC[C@@]2([H])\C(CCC[C@]12C)=C\C=C1\C[C@@H](O)CCC1=C,
Ergocalciferol,DB00153,CC(C)[C@@H](C)\C=C\[C@@H](C)[C@@]1([H])CC[C@@]2([H])\C(CCC[C@]12C)=C\C=C1\C[C@@H](O)CCC1=C,
Cholecalciferol,DB00169,CC(C)CCC[C@@H](C)[C@@]1([H])CC[C@@]2([H])\C(CCC[C@]12C)=C\C=C1\C[C@@H](O)CCC1=C,
Alfacalcidol,DB01436,CC(C)CCC[C@@H](C)[C@@]1([H])CC[C@@]2([H])\C(CCC[C@]12C)=C\C=C1\C[C@@H](O)C[C@H](O)C1=C,
Seocalcitol,DB04258,[H][C@@]1(CC[C@@]2([H])\C(CCC[C@]12C)=C\C=C1\C[C@@H](O)C[C@H](O)C1=C)[C@H](C)\C=C\C=C\C(O)(CC)CC,
Flunisolide,DB00180,[H][C@@]12C[C@@]3([H])[C@]4([H])C[C@H](F)C5=CC(=O)C=C[C@]5(C)[C@@]4([H])[C@@H](O)C[C@]3(C)[C@@]1(OC(C)(C)O2)C(=O)CO,
Betamethasone,DB00443,[H][C@@]12C[C@H](C)[C@](O)(C(=O)CO)[C@@]1(C)C[C@H](O)[C@@]1(F)[C@@]2([H])CCC2=CC(=O)C=C[C@]12C,
Fluocinolone acetonide,DB00591,[H][C@@]12C[C@@]3([H])[C@]4([H])C[C@H](F)C5=CC(=O)C=C[C@]5(C)[C@@]4(F)[C@@H](O)C[C@]3(C)[C@@]1(OC(C)(C)O2)C(=O)CO,
Ulobetasol,DB00596,[H][C@@]12C[C@H](C)[C@](O)(C(=O)CCl)[C@@]1(C)C[C@H](O)[C@@]1(F)[C@@]2([H])C[C@H](F)C2=CC(=O)C=C[C@]12C,
Triamcinolone,DB00620,[H][C@@]12C[C@@H](O)[C@](O)(C(=O)CO)[C@@]1(C)C[C@H](O)[C@@]1(F)[C@@]2([H])CCC2=CC(=O)C=C[C@]12C,
Prednisone,DB00635,[H][C@@]12CC[C@](O)(C(=O)CO)[C@@]1(C)CC(=O)[C@@]1([H])[C@@]2([H])CCC2=CC(=O)C=C[C@]12C,
Flumethasone,DB00663,[H][C@@]12C[C@@H](C)[C@](O)(C(=O)CO)[C@@]1(C)C[C@H](O)[C@@]1(F)[C@@]2([H])C[C@H](F)C2=CC(=O)C=C[C@]12C,
Prednisolone,DB00860,[H][C@@]12CC[C@](O)(C(=O)CO)[C@@]1(C)C[C@H](O)[C@@]1([H])[C@@]2([H])CCC2=CC(=O)C=C[C@]12C,
Methylprednisolone,DB00959,[H][C@@]12CC[C@](O)(C(=O)CO)[C@@]1(C)C[C@H](O)[C@@]1([H])[C@@]2([H])C[C@H](C)C2=CC(=O)C=C[C@]12C,
Clobetasol propionate,DB01013,[H][C@@]12C[C@H](C)[C@](OC(=O)CC)(C(=O)CCl)[C@@]1(C)C[C@H](O)[C@@]1(F)[C@@]2([H])CCC2=CC(=O)C=C[C@]12C,
Fluocinonide,DB01047,[H][C@@]12C[C@@]3([H])[C@]4([H])C[C@H](F)C5=CC(=O)C=C[C@]5(C)[C@@]4(F)[C@@H](O)C[C@]3(C)[C@@]1(OC(C)(C)O2)C(=O)COC(C)=O,
Budesonide,DB01222,[H][C@@]12C[C@H]3OC(CCC)O[C@@]3(C(=O)CO)[C@@]1(C)C[C@H](O)[C@@]1([H])[C@@]2([H])CCC2=CC(=O)C=C[C@]12C,
Desonide,DB01260,[H][C@@]12C[C@H]3OC(C)(C)O[C@@]3(C(=O)CO)[C@@]1(C)C[C@H](O)[C@@]1([H])[C@@]2([H])CCC2=CC(=O)C=C[C@]12C,
Cortisone acetate,DB01380,[H][C@@]12CC[C@](O)(C(=O)COC(C)=O)[C@@]1(C)CC(=O)[C@@]1([H])[C@@]2([H])CCC2=CC(=O)CC[C@]12C,
Difluprednate,DB06781,[H][C@@]12CC[C@](OC(=O)CCC)(C(=O)COC(C)=O)[C@@]1(C)C[C@H](O)[C@@]1(F)[C@@]2([H])C[C@H](F)C2=CC(=O)C=C[C@]12C,
Cycloserine,DB00260,N[C@@H]1CONC1=O,
Acarbose,DB00284,[H]C(=O)[C@H](O)[C@@H](O)[C@]([H])(O[C@@]1([H])O[C@H](CO)[C@@]([H])(O[C@H]2O[C@H](C)[C@@H](N[C@@]3([H])C=C(CO)[C@@H](O)[C@H](O)[C@H]3O)[C@H](O)[C@H]2O)[C@H](O)[C@H]1O)[C@H](O)CO,
Miglitol,DB00491,OCCN1C[C@H](O)[C@@H](O)[C@H](O)[C@H]1CO,
Voglibose,DB04878,OCC(CO)N[C@H]1C[C@](O)(CO)[C@@H](O)[C@H](O)[C@H]1O,
Purvalanol A,DB04751,[H][C@@](CO)(NC1=NC(NC2=CC=CC(Cl)=C2)=C2N=CN(C(C)C)C2=N1)C(C)C,
PP-121,DB08052,NC1=NC=NC2=C1C(=NN2C1CCCC1)C1=CC2=C(NC=C2)N=C1,
Varenicline,DB01273,C1C2CNCC1C1=C2C=C2N=CC=NC2=C1,
Sitagliptin,DB01261,N[C@@H](CC(=O)N1CCN2C(C1)=NN=C2C(F)(F)F)CC1=CC(F)=C(F)C=C1F,
Vildagliptin,DB04876,OC12CC3CC(C1)CC(C3)(C2)NCC(=O)N1CCC[C@H]1C#N,
Saxagliptin,DB06335,[H][C@@]12C[C@]1([H])N([C@@H](C2)C#N)C(=O)[C@@H](N)C12CC3CC(CC(O)(C3)C1)C2,
Mirdametinib,DB07101,[H][C@@](O)(CO)CONC(=O)C1=C(NC2=CC=C(I)C=C2F)C(F)=C(F)C=C1,
Azacitidine,DB00928,NC1=NC(=O)N(C=N1)[C@@H]1O[C@H](CO)[C@@H](O)[C@H]1O,
Decitabine,DB01262,NC1=NC(=O)N(C=N1)[C@H]1C[C@H](O)[C@@H](CO)O1,
Levamisole,DB00848,C1CN2C[C@@H](N=C2S1)C1=CC=CC=C1,
Auranofin,DB00995,CCP(CC)(CC)=[Au]S[C@@H]1O[C@H](COC(C)=O)[C@@H](OC(C)=O)[C@H](OC(C)=O)[C@H]1OC(C)=O,
Benzoic acid,DB03793,OC(=O)C1=CC=CC=C1,
Bacitracin,DB00626,CC[C@H](C)[C@H](N)C1=N[C@@H](CS1)C(=O)N[C@@H](CC(C)C)C(=O)N[C@H](CCC(O)=O)C(=O)N[C@@H]([C@@H](C)CC)C(=O)N[C@H]1CCCCNC(=O)[C@H](CC(N)=O)NC(=O)[C@@H](CC(O)=O)NC(=O)[C@H](CC2=CNC=N2)NC(=O)[C@@H](CC2=CC=CC=C2)NC(=O)[C@@H](NC(=O)[C@@H](CCCN)NC1=O)[C@@H](C)CC,
Oseltamivir,DB00198,CCOC(=O)C1=C[C@@H](OC(CC)CC)[C@H](NC(C)=O)[C@@H](N)C1,
Plerixafor,DB06809,C(N1CCCNCCNCCCNCC1)C1=CC=C(CN2CCCNCCNCCCNCC2)C=C1,
Purvalanol,DB02733,[H][C@@](CO)(NC1=NC2=C(N=CN2C(C)C)C(NC2=CC=C(C(O)=O)C(Cl)=C2)=N1)C(C)C,
Chloramphenicol,DB00446,OC[C@@H](NC(=O)C(Cl)Cl)[C@H](O)C1=CC=C(C=C1)[N+]([O-])=O,
Olsalazine,DB01250,OC(=O)C1=CC(=CC=C1O)\N=N\C1=CC=C(O)C(=C1)C(O)=O,
Wortmannin,DB08059,[H][C@@]12CCC(=O)[C@@]1(C)C[C@@H](OC(C)=O)C1=C2C(=O)C2=C3C(=CO2)C(=O)O[C@H](COC)[C@]13C,
Rifampicin,DB01045,CO[C@H]1\C=C\O[C@@]2(C)OC3=C(C2=O)C2=C(O)C(\C=N\N4CCN(C)CC4)=C(NC(=O)\C(C)=C/C=C/[C@H](C)[C@H](O)[C@@H](C)[C@@H](O)[C@@H](C)[C@H](OC(C)=O)[C@@H]1C)C(O)=C2C(O)=C3C,
Rifaximin,DB01220,CO[C@H]1\C=C\O[C@@]2(C)OC3=C(C)C(O)=C4C(O)=C(NC(=O)\C(C)=C/C=C/[C@H](C)[C@H](O)[C@@H](C)[C@@H](O)[C@@H](C)[C@H](OC(C)=O)[C@@H]1C)C1=C(N=C5C=C(C)C=CN15)C4=C3C2=O,
Cerulenin,DB01034,[H][C@]1(O[C@]1([H])C(=O)CC\C=C\C\C=C\C)C(N)=O,
Uracil,DB03419,O=C1NC=CC(=O)N1,
Camptothecin,DB04690,CC[C@@]1(O)C(=O)OCC2=C1C=C1N(CC3=CC4=CC=CC=C4N=C13)C2=O,
Levetiracetam,DB01202,CC[C@H](N1CCCC1=O)C(N)=O,
Fasudil,DB08162,O=S(=O)(N1CCCNCC1)C1=CC=CC2=C1C=CN=C2,
Y-27632,DB08756,[H][C@@]1(CC[C@@H](CC1)C(=O)NC1=CC=NC=C1)[C@@H](C)N,
Doramapimod,DB03044,CC1=CC=C(C=C1)N1N=C(C=C1NC(=O)NC1=CC=C(OCCN2CCOCC2)C2=C1C=CC=C2)C(C)(C)C,
PH-797804,DB07941,CNC(=O)C1=CC=C(C)C(=C1)N1C(C)=CC(OCC2=C(F)C=C(F)C=C2)=C(Br)C1=O,
Roxithromycin,DB00778,CC[C@H]1OC(=O)[C@H](C)[C@@H](O[C@H]2C[C@@](C)(OC)[C@@H](O)[C@H](C)O2)[C@H](C)[C@@H](O[C@@H]2O[C@H](C)C[C@@H]([C@H]2O)N(C)C)[C@](C)(O)C[C@@H](C)C(=NOCOCCOC)[C@H](C)[C@@H](O)[C@]1(C)O,
Cysteamine,DB00847,NCCS,
Cefdinir,DB00535,[H][C@]12SCC(C=C)=C(N1C(=O)[C@H]2NC(=O)C(=N/O)\C1=CSC(N)=N1)C(O)=O,
Tetracycline,DB00759,[H][C@@]12C[C@@]3([H])C(=C(O)[C@]1(O)C(=O)C(C(N)=O)=C(O)[C@H]2N(C)C)C(=O)C1=C(O)C=CC=C1[C@@]3(C)O,
Rifabutin,DB00615,CO[C@H]1\C=C\O[C@@]2(C)OC3=C(C2=O)C2=C(C(O)=C3C)C(=O)C(NC(=O)\C(C)=C/C=C/[C@H](C)[C@H](O)[C@@H](C)[C@@H](O)[C@@H](C)[C@H](OC(C)=O)[C@@H]1C)=C1NC3(CCN(CC3)CC(C)C)N=C21,
Geldanamycin,DB02424,CO[C@H]1C[C@H](C)CC2=C(OC)C(=O)C=C(NC(=O)\C(C)=C\C=C/[C@H](OC)[C@@H](OC(N)=O)\C(C)=C\[C@H](C)[C@H]1O)C2=O,
CCT-018159,DB07594,CCC1=C(O)C=C(O)C(=C1)C1=C(C(C)=NN1)C1=CC2=C(OCCO2)C=C1,
Tranilast,DB07615,COC1=CC=C(\C=C\C(=O)NC2=CC=CC=C2C(O)=O)C=C1OC,
Nocodazole,DB08313,COC(=O)NC1=NC2=CC(=CC=C2N1)C(=O)C1=CC=CS1,
Batimastat,DB03880,[H][C@@](CC1=CC=CC=C1)(NC(=O)[C@]([H])(CC(C)C)[C@]([H])(CSC1=CC=CS1)C(=O)NO)C(=O)NC,
7-Hydroxystaurosporine,DB01933,[H][C@]12C[C@@H](NC)[C@@H](OC)[C@](C)(O1)N1C3=C(C=CC=C3)C3=C4[C@@H](O)NC(=O)C4=C4C5=C(C=CC=C5)N2C4=C13,
Bumetanide,DB00887,CCCCNC1=C(OC2=CC=CC=C2)C(=CC(=C1)C(O)=O)S(N)(=O)=O,
Ivacaftor,DB08820,CC(C)(C)C1=CC(=C(O)C=C1NC(=O)C1=CNC2=CC=CC=C2C1=O)C(C)(C)C,
Emodin,DB07715,CC1=CC(O)=C2C(=O)C3=C(C=C(O)C=C3O)C(=O)C2=C1,
AT-7519,DB08142,ClC1=CC=CC(Cl)=C1C(=O)NC1=CNN=C1C(=O)NC1CCNCC1,
Pregnenolone,DB02789,[H][C@@]12CC[C@H](C(C)=O)[C@@]1(C)CC[C@@]1([H])[C@@]2([H])CC=C2C[C@@H](O)CC[C@]12C,
LY-294002,DB02656,O=C1C=C(OC2=C1C=CC=C2C1=CC=CC=C1)N1CCOCC1,
Quercetin,DB04216,OC1=CC2=C(C(O)=C1)C(=O)C(O)=C(O2)C1=CC=C(O)C(O)=C1,
Pantothenic acid,DB01783,CC(C)(CO)[C@@H](O)C(=O)NCCC(O)=O,
Myricetin,DB02375,OC1=CC(O)=C2C(OC(=C(O)C2=O)C2=CC(O)=C(O)C(O)=C2)=C1,
Albendazole,DB00518,CCCSC1=CC2=C(C=C1)N=C(NC(=O)OC)N2,
Mebendazole,DB00643,COC(=O)NC1=NC2=C(N1)C=C(C=C2)C(=O)C1=CC=CC=C1,
Ixabepilone,DB04845,[H][C@]12C[C@H](NC(=O)C[C@H](O)C(C)(C)C(=O)[C@H](C)[C@@H](O)[C@@H](C)CCC[C@@]1(C)O2)C(\C)=C\C1=CSC(C)=N1,
Cytidine,DB02097,NC1=NC(=O)N(C=C1)[C@@H]1O[C@H](CO)[C@@H](O)[C@H]1O,
Vorinostat,DB02546,ONC(=O)CCCCCCC(=O)NC1=CC=CC=C1,
Trichostatin A,DB04297,C[C@H](\C=C(/C)\C=C\C(=O)NO)C(=O)C1=CC=C(C=C1)N(C)C,
Ubenimex,DB03424,CC(C)C[C@H](NC(=O)[C@@H](O)[C@H](N)CC1=CC=CC=C1)C(O)=O,
Veliparib,DB07232,C[C@@]1(CCCN1)C1=NC2=CC=CC(C(N)=O)=C2N1,
Chenodeoxycholic acid,DB06777,[H][C@@]1(CC[C@@]2([H])[C@]3([H])[C@H](O)C[C@]4([H])C[C@H](O)CC[C@]4(C)[C@@]3([H])CC[C@]12C)[C@H](C)CCC(O)=O,
Monastrol,DB04331,CCOC(=O)C1=C(C)NC(=S)N[C@H]1C1=CC=CC(O)=C1,
Spermidine,DB03566,NCCCCNCCCN,
Fotemustine,DB04106,CCOP(=O)(OCC)[C@@H](C)NC(=O)N(CCCl)N=O,
Lamotrigine,DB00555,NC1=NC(N)=C(N=N1)C1=C(Cl)C(Cl)=CC=C1,
Propofol,DB00818,CC(C)C1=CC=CC(C(C)C)=C1O,
Tolcapone,DB00323,CC1=CC=C(C=C1)C(=O)C1=CC(=C(O)C(O)=C1)[N+]([O-])=O,
Entacapone,DB00494,CCN(CC)C(=O)C(=C\C1=CC(=C(O)C(O)=C1)[N+]([O-])=O)\C#N,
Nialamide,DB04820,O=C(CCNNC(=O)C1=CC=NC=C1)NCC1=CC=CC=C1,
Tranylcypromine,DB00752,NC1CC1C1=CC=CC=C1,
Selegiline,DB01037,C[C@H](CC1=CC=CC=C1)N(C)CC#C,
Moclobemide,DB01171,ClC1=CC=C(C=C1)C(=O)NCCN1CCOCC1,
Allopurinol,DB00437,OC1=NC=NC2=C1C=NN2,
Niraxostat,DB03841,CC(C)(C)COC1=C(C=C(C=C1)N1C=C(C=N1)C(O)=O)C#N,
Fisetin,DB07795,OC1=CC2=C(C=C1)C(=O)C(O)=C(O2)C1=CC=C(O)C(O)=C1,
Pentostatin,DB00552,OC[C@H]1O[C@H](C[C@@H]1O)N1C=NC2=C1N=CNC[C@H]2O,
Everolimus,DB01590,[H][C@@]1(C[C@@H](C)[C@]2([H])CC(=O)[C@H](C)\C=C(C)\[C@@H](O)[C@@H](OC)C(=O)[C@H](C)C[C@H](C)\C=C\C=C\C=C(C)\[C@H](C[C@]3([H])CC[C@@H](C)[C@@](O)(O3)C(=O)C(=O)N3CCCC[C@@]3([H])C(=O)O2)OC)CC[C@@H](OCCO)[C@@H](C1)OC,
Temsirolimus,DB06287,OCC(C)(CO)C(=O)O[C@@H]1CC[C@@H](C[C@@H](C)[C@]2([H])CC(=O)[C@H](C)\C=C(C)\[C@@H](O)[C@@H](OC)C(=O)[C@H](C)C[C@H](C)\C=C\C=C\C=C(C)\[C@@H](OC)C[C@]3([H])CC[C@@H](C)[C@@](O)(O3)C(=O)C(=O)N3CCCC[C@H]3C(=O)O2)C[C@H]1OC,
"2-tert-butyl-9-fluoro-1,6-dihydrobenzo[h]imidazo[4,5-f]isoquinolin-7-one",DB04716,CC(C)(C)C1=NC2=C3C=CNC(=O)C3=C3C=C(F)C=CC3=C2N1,
Pentamidine,DB00738,NC(=N)C1=CC=C(OCCCCCOC2=CC=C(C=C2)C(N)=N)C=C1,
Brefeldin A,DB07348,[H][C@]1(O)C[C@@]2([H])\C=C\CCC[C@]([H])(C)OC(=O)\C=C\[C@@]([H])(O)[C@]2([H])C1,
Zanamivir,DB00558,[H][C@]1(OC(=C[C@H](N=C(N)N)[C@H]1NC(C)=O)C(O)=O)[C@H](O)[C@H](O)CO,
Ethanolamine,DB03994,NCCO,
CHIR-124,DB06852,ClC1=CC2=C(NC(=O)C(C3=NC4=CC=CC=C4N3)=C2N[C@@H]2CN3CCC2CC3)C=C1,
Hesperidin,DB04703,COC1=CC=C(C=C1O)[C@@H]1CC(=O)C2=C(O1)C=C(O[C@@H]1O[C@H](CO[C@@H]3O[C@@H](C)[C@H](O)[C@@H](O)[C@H]3O)[C@@H](O)[C@H](O)[C@H]1O)C=C2O,
Reversine,DB07340,C1CCC(CC1)NC1=NC(NC2=CC=C(C=C2)N2CCOCC2)=NC2=C1N=CN2,
3-Indolebutyric Acid,DB02740,OC(=O)CCCC1=CNC2=C1C=CC=C2,
Bafilomycin A1,DB06733,CO[C@H]1\C=C\C=C(C)\C[C@H](C)[C@H](O)[C@H](C)\C=C(/C)\C=C(OC)\C(=O)O[C@@H]1[C@@H](C)[C@@H](O)[C@H](C)[C@@]1(O)C[C@@H](O)[C@H](C)[C@H](O1)C(C)C,
Doxapram,DB00561,CCN1CC(CCN2CCOCC2)C(C1=O)(C1=CC=CC=C1)C1=CC=CC=C1,
Bupropion,DB01156,CC(NC(C)(C)C)C(=O)C1=CC(Cl)=CC=C1,
Probenecid,DB01032,CCCN(CCC)S(=O)(=O)C1=CC=C(C=C1)C(O)=O,
Gatifloxacin,DB01044,COC1=C2N(C=C(C(O)=O)C(=O)C2=CC(F)=C1N1CCNC(C)C1)C1CC1,
Colforsin,DB02587,[H][C@]1(O)CCC(C)(C)[C@]2([H])[C@]([H])(O)[C@]([H])(OC(C)=O)[C@@]3(C)O[C@](C)(CC(=O)[C@]3(O)[C@@]12C)C=C,
H-89,DB07995,BrC1=CC=C(\C=C\CNCCNS(=O)(=O)C2=CC=CC3=C2C=CN=C3)C=C1,
A-674563,DB08568,CC1=NNC2=C1C=C(C=C2)C1=CC(OC[C@@H](N)CC2=CC=CC=C2)=CN=C1,
Piceatannol,DB08399,OC1=CC(\C=C\C2=CC=C(O)C(O)=C2)=CC(O)=C1,
Ilomastat,DB02255,CNC(=O)[C@H](CC1=CNC2=CC=CC=C12)NC(=O)[C@H](CC(C)C)CC(=O)NO,
Lomustine,DB01206,ClCCN(N=O)C(=O)NC1CCCCC1,
"4-[4-(4-methoxyphenyl)-5-methyl-1H-pyrazol-3-yl]benzene-1,3-diol",DB08356,COC1=CC=C(C=C1)C1=C(C)NN=C1C1=C(O)C=C(O)C=C1,
Fluvoxamine,DB00176,COCCCC\C(=N/OCCN)C1=CC=C(C=C1)C(F)(F)F,
Vidarabine,DB00194,NC1=NC=NC2=C1N=CN2[C@@H]1O[C@H](CO)[C@@H](O)[C@@H]1O,
Fluconazole,DB00196,OC(CN1C=NC=N1)(CN1C=NC=N1)C1=C(F)C=C(F)C=C1,
Pantoprazole,DB00213,COC1=C(OC)C(CS(=O)C2=NC3=C(N2)C=C(OC(F)F)C=C3)=NC=C1,
Citalopram,DB00215,CN(C)CCCC1(OCC2=C1C=CC(=C2)C#N)C1=CC=C(F)C=C1,
Reboxetine,DB00234,[H][C@@]1(CNCCO1)[C@H](OC1=CC=CC=C1OCC)C1=CC=CC=C1,
Idoxuridine,DB00249,OC[C@H]1O[C@H](C[C@@H]1O)N1C=C(I)C(=O)NC1=O,
Sulfanilamide,DB00259,NC1=CC=C(C=C1)S(N)(=O)=O,
Venlafaxine,DB00285,COC1=CC=C(C=C1)C(CN(C)C)C1(O)CCCCC1,
Atomoxetine,DB00289,CNCC[C@@H](OC1=CC=CC=C1C)C1=CC=CC=C1,
Nitroprusside,DB00325,O=N[Fe--](C#N)(C#N)(C#N)(C#N)C#N,
Omeprazole,DB00338,COC1=CC2=C(C=C1)N=C(N2)S(=O)CC1=NC=C(C)C(OC)=C1C,
Aminohippuric acid,DB00345,NC1=CC=C(C=C1)C(=O)NCC(O)=O,
Aminoglutethimide,DB00357,CCC1(CCC(=O)NC1=O)C1=CC=C(N)C=C1,
Duloxetine,DB00476,CNCC[C@H](OC1=CC=CC2=CC=CC=C12)C1=CC=CS1,
Rimantadine,DB00478,CC(N)C12CC3CC(CC(C3)C1)C2,
Zidovudine,DB00495,CC1=CN([C@H]2C[C@H](N=[N+]=[N-])[C@@H](CO)O2)C(=O)NC1=O,
Metolazone,DB00524,CC1NC2=CC(Cl)=C(C=C2C(=O)N1C1=CC=CC=C1C)S(N)(=O)=O,
Zafirlukast,DB00549,COC1=CC(=CC=C1CC1=CN(C)C2=C1C=C(NC(=O)OC1CCCC1)C=C2)C(=O)NS(=O)(=O)C1=CC=CC=C1C,
Methoxsalen,DB00553,COC1=C2OC(=O)C=CC2=CC2=C1OC=C2,
Sulfamethizole,DB00576,CC1=NN=C(NS(=O)(=O)C2=CC=C(N)C=C2)S1,
Voriconazole,DB00582,C[C@@H](C1=NC=NC=C1F)[C@](O)(CN1C=NC=N1)C1=C(F)C=C(F)C=C1,
Linezolid,DB00601,CC(=O)NC[C@H]1CN(C(=O)O1)C1=CC(F)=C(C=C1)N1CCOCC1,
Amprenavir,DB00701,CC(C)CN(C[C@@H](O)[C@H](CC1=CC=CC=C1)NC(=O)O[C@H]1CCOC1)S(=O)(=O)C1=CC=C(N)C=C1,
Thiabendazole,DB00730,N1C2=CC=CC=C2N=C1C1=CSC=N1,
Terbinafine,DB00857,CN(C\C=C\C#CC(C)(C)C)CC1=CC=CC2=CC=CC=C12,
Chlorhexidine,DB00878,ClC1=CC=C(NC(=N)NC(=N)NCCCCCCNC(=N)NC(=N)NC2=CC=C(Cl)C=C2)C=C1,
Zalcitabine,DB00943,NC1=NC(=O)N(C=C1)[C@H]1CC[C@@H](CO)O1,
Letrozole,DB01006,N#CC1=CC=C(C=C1)C(N1C=NC=N1)C1=CC=C(C=C1)C#N,
Tioconazole,DB01007,ClC1=C(COC(CN2C=CN=C2)C2=C(Cl)C=C(Cl)C=C2)C=CS1,
Cinacalcet,DB01012,C[C@@H](NCCCC1=CC(=CC=C1)C(F)(F)F)C1=CC=CC2=CC=CC=C12,
Econazole,DB01127,ClC1=CC=C(COC(CN2C=CN=C2)C2=C(Cl)C=C(Cl)C=C2)C=C1,
Anastrozole,DB01217,CC(C)(C#N)C1=CC(=CC(CN2C=NC=N2)=C1)C(C)(C)C#N,
Chloroxine,DB01243,OC1=C(Cl)C=C(Cl)C2=C1N=CC=C2,
Cefradine,DB01333,[H][C@]12SCC(C)=C(N1C(=O)[C@H]2NC(=O)[C@H](N)C1=CCC=CC1)C(O)=O,
Roflumilast,DB01656,FC(F)OC1=C(OCC2CC2)C=C(C=C1)C(=O)NC1=C(Cl)C=NC=C1Cl,
Cetrimonium,DB01718,CCCCCCCCCCCCCCCC[N+](C)(C)C,
PD173955,DB02567,CSC1=CC=CC(NC2=NC=C3C=C(C(=O)N(C)C3=N2)C2=C(Cl)C=CC=C2Cl)=C1,
Isoliquiritigenin,DB03285,OC1=CC=C(\C=C\C(=O)C2=C(O)C=C(O)C=C2)C=C1,
Naringenin,DB03467,[H][C@]1(CC(=O)C2=C(O1)C=C(O)C=C2O)C1=CC=C(O)C=C1,
Berberine,DB04115,COC1=CC=C2C=C3C4=CC5=C(OCO5)C=C4CC[N+]3=CC2=C1OC,
Coumarin,DB04665,O=C1OC2=CC=CC=C2C=C1,
Licofelone,DB04725,CC1(C)CN2C(CC(O)=O)=C(C(=C2C1)C1=CC=CC=C1)C1=CC=C(Cl)C=C1,
Bifonazole,DB04794,C1=CN(C=N1)C(C1=CC=CC=C1)C1=CC=C(C=C1)C1=CC=CC=C1,
Maraviroc,DB04835,CC(C)C1=NN=C(C)N1[C@H]1C[C@@H]2CC[C@H](C1)N2CC[C@H](NC(=O)C1CCC(F)(F)CC1)C1=CC=CC=C1,
Tetrabenazine,DB04844,COC1=C(OC)C=C2C3CC(=O)C(CC(C)C)CN3CCC2=C1,
Cediranib,DB04849,COC1=CC2=C(C=C1OCCCN1CCCC1)N=CN=C2OC1=C(F)C2=C(NC(C)=C2)C=C1,
Dronedarone,DB04855,CCCCN(CCCC)CCCOC1=CC=C(C=C1)C(=O)C1=C(CCCC)OC2=C1C=C(NS(C)(=O)=O)C=C2,
Huperzine A,DB04864,[H][C@@]12CC3=C(C=CC(=O)N3)[C@@](N)(CC(C)=C1)\C2=C\C,
Piboserod,DB04873,CCCCN1CCC(CNC(=O)C2=C3OCCCN3C3=CC=CC=C23)CC1,
Vatalanib,DB04879,ClC1=CC=C(NC2=NN=C(CC3=CC=NC=C3)C3=CC=CC=C23)C=C1,
Elacridar,DB04881,COC1=CC=CC2=C1NC1=C(C=CC=C1C(=O)NC1=CC=C(CCN3CCC4=CC(OC)=C(OC)C=C4C3)C=C1)C2=O,
Milnacipran,DB04896,CCN(CC)C(=O)C1(CC1CN)C1=CC=CC=C1,
Tesmilifene,DB04905,CCN(CC)CCOC1=CC=C(CC2=CC=CC=C2)C=C1,
Iloperidone,DB04946,COC1=C(OCCCN2CCC(CC2)C2=NOC3=C2C=CC(F)=C3)C=CC(=C1)C(C)=O,
Ezogabine,DB04953,CCOC(=O)NC1=C(N)C=C(NCC2=CC=C(F)C=C2)C=C1,
Tipifarnib,DB04960,CN1C=NC=C1[C@@](N)(C1=CC=C(Cl)C=C1)C1=CC2=C(C=C1)N(C)C(=O)C=C2C1=CC(Cl)=CC=C1,
Ingenol mebutate,DB05013,[H][C@@]12C[C@@H](C)[C@]34C=C(C)[C@H](OC(=O)C(\C)=C/C)[C@@]3(O)[C@H](O)C(CO)=C[C@@]([H])(C4=O)[C@]1([H])C2(C)C,
Fenretinide,DB05076,C\C(\C=C\C1=C(C)CCCC1(C)C)=C/C=C/C(/C)=C/C(=O)NC1=CC=C(O)C=C1,
Vandetanib,DB05294,COC1=C(OCC2CCN(C)CC2)C=C2N=CN=C(NC3=C(F)C=C(Br)C=C3)C2=C1,
Canertinib,DB05424,FC1=C(Cl)C=C(NC2=NC=NC3=CC(OCCCN4CCOCC4)=C(NC(=O)C=C)C=C23)C=C1,
PX-12,DB05448,CCC(C)SSC1=NC=CN1,
Tandutinib,DB05465,COC1=C(OCCCN2CCCCC2)C=C2N=CN=C(N3CCN(CC3)C(=O)NC3=CC=C(OC(C)C)C=C3)C2=C1,
Abiraterone,DB05812,[H][C@@]12CC=C(C3=CC=CN=C3)[C@@]1(C)CC[C@@]1([H])[C@@]2([H])CC=C2C[C@@H](O)CC[C@]12C,
Alogliptin,DB06203,CN1C(=O)C=C(N2CCC[C@@H](N)C2)N(CC2=C(C=CC=C2)C#N)C1=O,
Silodosin,DB06207,C[C@H](CC1=CC2=C(N(CCCO)CC2)C(=C1)C(N)=O)NCCOC1=CC=CC=C1OCC(F)(F)F,
Asenapine,DB06216,CN1CC2C(C1)C1=C(OC3=CC=C(Cl)C=C23)C=CC=C1,
Lacosamide,DB06218,COC[C@@H](NC(C)=O)C(=O)NCC1=CC=CC=C1,
Dapagliflozin,DB06292,CCOC1=CC=C(CC2=C(Cl)C=CC(=C2)[C@@H]2O[C@H](CO)[C@@H](O)[C@H](O)[C@H]2O)C=C1,
Pazopanib,DB06589,CN(C1=CC2=NN(C)C(C)=C2C=C1)C1=CC=NC(NC2=CC=C(C)C(=C2)S(N)(=O)=O)=N1,
Apixaban,DB06605,COC1=CC=C(C=C1)N1N=C(C(N)=O)C2=C1C(=O)N(CC2)C1=CC=C(C=C1)N1CCCCC1=O,
Bosutinib,DB06616,COC1=CC(NC2=C(C=NC3=CC(OCCCN4CCN(C)CC4)=C(OC)C=C23)C#N)=C(Cl)C=C1Cl,
Desvenlafaxine,DB06700,CN(C)CC(C1=CC=C(O)C=C1)C1(O)CCCCC1,
Sulfaphenazole,DB06729,NC1=CC=C(C=C1)S(=O)(=O)NC1=CC=NN1C1=CC=CC=C1,
Ginkgolide A,DB06743,C[C@@H]1C(=O)O[C@H]2C[C@@]34[C@H]5C[C@@H](C(C)(C)C)[C@@]33[C@@H](O)C(=O)O[C@H]3O[C@@]4(C(=O)O5)[C@@]12O,
Pralatrexate,DB06813,NC1=NC2=NC=C(CC(CC#C)C3=CC=C(C=C3)C(=O)N[C@@H](CCC(O)=O)C(O)=O)N=C2C(N)=N1,
Raltegravir,DB06817,CN1C(=O)C(O)=C(N=C1C(C)(C)NC(=O)C1=NN=C(C)O1)C(=O)NCC1=CC=C(F)C=C1,
Apigenin,DB07352,OC1=CC=C(C=C1)C1=CC(=O)C2=C(O1)C=C(O)C=C2O,
Ferulic acid,DB07767,COC1=CC(\C=C\C(O)=O)=CC=C1O,
Phloretin,DB07810,OC1=CC=C(CCC(=O)C2=C(O)C=C(O)C=C2O)C=C1,
AMG-208,DB08079,COC1=CC2=NC=CC(OCC3=NN=C4C=CC(=NN34)C3=CC=CC=C3)=C2C=C1,
Vismodegib,DB08828,CS(=O)(=O)C1=CC(Cl)=C(C=C1)C(=O)NC1=CC=C(Cl)C(=C1)C1=CC=CC=N1,
Pitavastatin,DB08860,O[C@H](C[C@H](O)\C=C\C1=C(N=C2C=CC=CC2=C1C1=CC=C(F)C=C1)C1CC1)CC(O)=O,
Fingolimod,DB08868,CCCCCCCCC1=CC=C(CCC(N)(CO)CO)C=C1,
Ruxolitinib,DB08877,N#CC[C@H](C1CCCC1)N1C=C(C=N1)C1=C2C=CNC2=NC=N1,
Aminopterin,DB08878,NC1=NC2=C(N=C(CNC3=CC=C(C=C3)C(=O)N[C@@H](CCC(O)=O)C(O)=O)C=N2)C(N)=N1,
Vemurafenib,DB08881,CCCS(=O)(=O)NC1=C(F)C(C(=O)C2=CNC3=NC=C(C=C23)C2=CC=C(Cl)C=C2)=C(F)C=C1,
Linagliptin,DB08882,CC#CCN1C(=NC2=C1C(=O)N(CC1=NC3=C(C=CC=C3)C(C)=N1)C(=O)N2C)N1CCC[C@@H](N)C1,
Mirabegron,DB08893,NC1=NC(CC(=O)NC2=CC=C(CCNC[C@H](O)C3=CC=CC=C3)C=C2)=CS1,
Regorafenib,DB08896,CNC(=O)C1=CC(OC2=CC(F)=C(NC(=O)NC3=CC=C(Cl)C(=C3)C(F)(F)F)C=C2)=CC=N1,
Aclidinium,DB08897,OC(C(=O)O[C@H]1C[N+]2(CCCOC3=CC=CC=C3)CCC1CC2)(C1=CC=CS1)C1=CC=CS1,
Enzalutamide,DB08899,CNC(=O)C1=C(F)C=C(C=C1)N1C(=S)N(C(=O)C1(C)C)C1=CC=C(C#N)C(=C1)C(F)(F)F,
Ponatinib,DB08901,CN1CCN(CC2=CC=C(NC(=O)C3=CC(C#CC4=CN=C5C=CC=NN45)=C(C)C=C3)C=C2C(F)(F)F)CC1,
Formestane,DB08905,[H][C@@]12CCC(=O)[C@@]1(C)CC[C@@]1([H])[C@@]2([H])CCC2=C(O)C(=O)CC[C@]12C,
Afatinib,DB08916,CN(C)C\C=C\C(=O)NC1=C(O[C@H]2CCOC2)C=C2N=CN=C(NC3=CC(Cl)=C(F)C=C3)C2=C1,
Macitentan,DB08932,CCCNS(=O)(=O)NC1=C(C(OCCOC2=NC=C(Br)C=N2)=NC=N1)C1=CC=C(Br)C=C1,
Isoconazole,DB08943,ClC1=CC(Cl)=C(C=C1)C(CN1C=CN=C1)OCC1=C(Cl)C=CC=C1Cl,
Ifenprodil,DB08954,CC(C(O)C1=CC=C(O)C=C1)N1CCC(CC2=CC=CC=C2)CC1,
Cytisine,DB09028,O=C1C=CC=C2[C@H]3CNC[C@H](C3)CN12,
Histamine,DB05381,NCCC1=CNC=N1,
Ellagic acid,DB08846,OC1=C(O)C2=C3C(=C1)C(=O)OC1=C3C(=CC(O)=C1O)C(=O)O2,
Crizotinib,DB08865,C[C@@H](OC1=CC(=CN=C1N)C1=CN(N=C1)C1CCNCC1)C1=C(Cl)C=CC(F)=C1Cl,
